last_name, first_name,player_id,team_name_alt,pitch_type,pitch_name,run_value_per_100,run_value,pitches,pitch_usage,pa,ba,slg,woba,whiff_percent,k_percent,put_away,est_ba,est_slg,est_woba,hard_hit_percent
Lynn, Lance,458681,TEX,FF,4-Seamer,-0.9,-6,700,49.7,165,0.207,0.413,0.309,29.4,27.9,21.6,0.211,0.397,0.293,36.2
Senzatela, Antonio,622608,COL,FF,4-Seamer,-0.1,-1,635,55.9,165,0.313,0.46,0.374,11.5,9.1,10.3,0.309,0.46,0.364,45.9
Cole, Gerrit,543037,NYY,FF,4-Seamer,-0.7,-4,632,52.5,157,0.226,0.466,0.323,25.9,22.3,19.9,0.228,0.476,0.322,47.7
Giolito, Lucas,608337,CWS,FF,4-Seamer,-0.9,-6,614,50.6,152,0.201,0.306,0.263,29,31.6,22.5,0.222,0.362,0.29,46.1
Cease, Dylan,656302,CWS,FF,4-Seamer,1.7,9,519,47.8,151,0.254,0.5,0.4,17.2,13.9,13.9,0.308,0.539,0.425,42.2
Heaney, Andrew,571760,LAA,FF,4-Seamer,-0.3,-2,627,57.8,149,0.267,0.481,0.361,24.8,24.2,18.5,0.254,0.487,0.35,44.3
Glasnow, Tyler,607192,TB,FF,4-Seamer,-0.9,-6,584,60.6,145,0.246,0.46,0.349,23.9,22.8,24.3,0.241,0.469,0.346,46.8
Ray, Robbie,592662,TOR,FF,4-Seamer,2.8,14,504,47.4,141,0.292,0.689,0.479,19.4,17.7,17.5,0.283,0.596,0.448,50.6
Javier, Cristian,664299,HOU,FF,4-Seamer,-1,-6,560,63,136,0.208,0.442,0.322,19.5,19.1,17.8,0.215,0.416,0.315,36.8
Bauer, Trevor,545333,CIN,FF,4-Seamer,-1.8,-10,552,47.4,134,0.172,0.336,0.265,22.4,36.6,27.5,0.155,0.324,0.244,43.8
Gausman, Kevin,592332,SF,FF,4-Seamer,-0.7,-3,498,51.1,132,0.28,0.458,0.365,24.5,24.2,23.5,0.291,0.5,0.374,44.8
Paddack, Chris,663978,SD,FF,4-Seamer,1.2,7,560,58.2,131,0.308,0.658,0.418,20.9,19.8,16.7,0.307,0.596,0.401,57.3
Voth, Austin,608723,WSH,FF,4-Seamer,1.2,7,546,61,131,0.33,0.67,0.472,17.7,15.3,13,0.307,0.593,0.416,51.6
Boyd, Matthew,571510,DET,FF,4-Seamer,0.6,3,546,50.3,130,0.322,0.643,0.438,17.5,13.1,13.2,0.301,0.565,0.4,42.4
Urías, Julio,628711,LAD,FF,4-Seamer,-1.5,-7,489,55.9,128,0.193,0.325,0.275,25.7,20.3,19.7,0.209,0.399,0.304,37.1
Williams, Trevor,592866,PIT,FF,4-Seamer,1,5,434,42.7,127,0.27,0.586,0.416,17.3,18.9,16.1,0.264,0.514,0.374,44.8
Weaver, Luke,596133,ARI,FF,4-Seamer,0.9,4,523,54,127,0.313,0.583,0.411,20.2,22.8,16.5,0.26,0.51,0.353,49.4
Lyles, Jordan,543475,TEX,FF,4-Seamer,2.4,11,432,43.5,126,0.33,0.651,0.468,8.5,4.8,6.5,0.286,0.566,0.408,44.7
Scherzer, Max,453286,WSH,FF,4-Seamer,-0.5,-3,558,46,124,0.264,0.509,0.366,28.8,28.2,23.5,0.289,0.565,0.393,52.6
Márquez, Germán,608566,COL,FF,4-Seamer,1.4,7,472,38.5,123,0.333,0.505,0.436,15.1,7.3,8.9,0.314,0.488,0.396,40.6
Wheeler, Zack,554430,PHI,FF,4-Seamer,-1.2,-5,462,42.9,121,0.295,0.402,0.33,19.9,13.2,13,0.285,0.395,0.322,41.2
Minor, Mike,501985,OAK,FF,4-Seamer,-0.7,-4,496,50.7,114,0.23,0.36,0.317,24.4,18.4,15,0.243,0.461,0.345,44.3
Margevicius, Nick,676606,SEA,FF,4-Seamer,0,0,435,64.1,114,0.269,0.529,0.368,16.2,16.7,16,0.288,0.535,0.376,45.9
Woodruff, Brandon,605540,MIL,FF,4-Seamer,-0.6,-3,418,34.5,113,0.194,0.35,0.273,33.6,45.1,27,0.153,0.285,0.231,42.3
Bubic, Kris,663460,KC,FF,4-Seamer,0.9,4,505,54.2,111,0.299,0.464,0.392,23.4,27.9,25.8,0.294,0.487,0.378,40.9
Duffy, Danny,518633,KC,FF,4-Seamer,-0.8,-3,371,39.3,110,0.239,0.435,0.358,21.4,23.6,23,0.247,0.467,0.349,41.4
Bieber, Shane,669456,CLE,FF,4-Seamer,-1.2,-5,468,37.8,108,0.218,0.347,0.272,25.4,39.8,28.7,0.227,0.398,0.29,55.2
Gallen, Zac,668678,ARI,FF,4-Seamer,-1.1,-5,436,39,108,0.185,0.25,0.272,17,25.9,24.6,0.212,0.352,0.305,26.2
Mahle, Tyler,641816,CIN,FF,4-Seamer,0.2,1,473,55.5,107,0.216,0.42,0.346,31.5,28,20.8,0.194,0.378,0.315,42.4
Dunn, Justin,643290,SEA,FF,4-Seamer,-1.5,-6,429,53.6,107,0.146,0.293,0.317,17.9,12.1,13.3,0.24,0.439,0.384,43.5
Snell, Blake,605483,TB,FF,4-Seamer,1.3,6,446,51.1,106,0.322,0.656,0.461,22.7,19.8,18.4,0.321,0.603,0.433,50
deGrom, Jacob,594798,NYM,FF,4-Seamer,-1.6,-8,510,44.9,105,0.186,0.32,0.257,36.8,42.9,29.6,0.196,0.338,0.257,39.6
Suter, Brent,608718,MIL,FF,4-Seamer,-1.1,-4,369,71.5,103,0.216,0.33,0.268,31,32,33,0.22,0.367,0.277,34.4
Turnbull, Spencer,605513,DET,FF,4-Seamer,-1.2,-5,434,45.1,103,0.198,0.309,0.322,27.9,25.2,23.2,0.242,0.423,0.373,41.1
Lamet, Dinelson,659275,SD,FF,4-Seamer,0.5,2,390,37.3,102,0.286,0.462,0.372,18.5,21.6,20.4,0.281,0.438,0.348,42.9
Gray, Jon,592351,COL,FF,4-Seamer,-0.9,-3,318,48.3,99,0.258,0.36,0.33,12.7,12.1,15.6,0.273,0.407,0.332,51.9
Fried, Max,608331,ATL,FF,4-Seamer,-1.7,-6,376,41.8,98,0.198,0.309,0.309,22.9,17.3,17.2,0.187,0.276,0.284,20
Castellani, Ryan,624418,COL,FF,4-Seamer,1.6,6,362,47.8,98,0.266,0.544,0.403,15.2,13.3,12.9,0.321,0.55,0.427,50.7
Canning, Griffin,656288,LAA,FF,4-Seamer,2,8,392,40.6,96,0.305,0.585,0.413,15.3,18.8,17.1,0.236,0.484,0.342,39.7
Gonsolin, Tony,664062,LAD,FF,4-Seamer,-2.4,-8,335,47.5,94,0.191,0.27,0.216,15.4,18.1,20.2,0.255,0.436,0.303,41.9
Anderson, Tyler,542881,SF,FF,4-Seamer,-0.4,-1,388,40.7,93,0.244,0.5,0.387,19.4,15.1,14.4,0.261,0.482,0.369,35.4
Greinke, Zack,425844,HOU,FF,4-Seamer,0.2,1,432,40.8,92,0.321,0.536,0.388,14.4,18.5,17,0.305,0.578,0.391,45.6
Bundy, Dylan,605164,LAA,FF,4-Seamer,-1,-4,342,33.6,92,0.241,0.446,0.34,18.5,20.7,23.5,0.221,0.386,0.3,35.9
Richards, Garrett,572070,SD,FF,4-Seamer,-1.4,-5,355,45.1,92,0.286,0.393,0.33,15.5,6.5,12.5,0.309,0.485,0.369,35.9
Ponce de Leon, Daniel,594965,STL,FF,4-Seamer,0.7,3,395,61.1,92,0.205,0.538,0.366,34.4,38,25.4,0.22,0.5,0.359,48.8
García, Deivi,665620,NYY,FF,4-Seamer,-1,-3,317,59.6,91,0.238,0.405,0.317,17.1,20.9,20.7,0.264,0.466,0.338,50.8
Webb, Logan,657277,SF,FF,4-Seamer,2.3,8,336,33.7,90,0.329,0.507,0.434,21.7,18.9,16.8,0.301,0.519,0.413,42.9
Fiers, Mike,571666,OAK,FF,4-Seamer,-2.5,-7,296,32.3,89,0.226,0.393,0.284,10.6,16.9,16.1,0.215,0.38,0.279,42.9
Stripling, Ross,548389,TOR,FF,4-Seamer,2.5,9,355,43.6,88,0.333,0.787,0.502,14.3,13.6,15,0.342,0.745,0.483,46.2
López, Pablo,641154,MIA,FF,4-Seamer,-0.2,0,291,32.2,88,0.227,0.36,0.324,28.4,33,23.8,0.206,0.384,0.311,40.4
Velasquez, Vince,592826,PHI,FF,4-Seamer,0.2,1,338,52,86,0.243,0.486,0.38,26,33.7,23.6,0.213,0.399,0.339,53.7
Cueto, Johnny,456501,SF,FF,4-Seamer,1.8,7,378,33,85,0.343,0.629,0.477,15.5,15.3,9.5,0.328,0.606,0.451,41.4
Sandoval, Patrick,663776,LAA,FF,4-Seamer,0.7,2,267,44.6,82,0.324,0.568,0.427,8.1,8.5,13,0.343,0.571,0.42,55.2
Plesac, Zach,668676,CLE,FF,4-Seamer,0.6,2,292,37.6,80,0.321,0.577,0.389,15.1,17.5,19.2,0.318,0.633,0.405,43.8
Walker, Taijuan,592836,TOR,FF,4-Seamer,-1.1,-4,338,38.2,80,0.156,0.344,0.309,23.1,22.5,15.7,0.231,0.485,0.374,44.7
Matzek, Tyler,554431,ATL,FF,4-Seamer,-3.1,-9,299,61.9,79,0.225,0.338,0.289,25.9,36.7,29.6,0.171,0.289,0.246,33.3
Clarke, Taylor,664199,ARI,FF,4-Seamer,0.3,1,320,45.5,79,0.217,0.449,0.349,16.3,19,17,0.269,0.54,0.384,44.4
Wojciechowski, Asher,592879,BAL,FF,4-Seamer,2.7,8,311,46.1,78,0.348,0.681,0.465,24,16.7,14.4,0.277,0.548,0.387,37.5
Peralta, Freddy,642547,MIL,FF,4-Seamer,-2.1,-8,364,65.8,77,0.203,0.275,0.251,36.6,37.7,29.9,0.185,0.318,0.257,39
Means, John,607644,BAL,FF,4-Seamer,-0.8,-3,390,52.3,77,0.155,0.366,0.258,28.9,36.4,19.4,0.128,0.266,0.206,44.2
Estévez, Carlos,608032,COL,FF,4-Seamer,0.4,1,268,61.5,77,0.246,0.609,0.389,25,27.3,28.4,0.258,0.508,0.359,56.3
Keller, Brad,641745,KC,FF,4-Seamer,-0.5,-2,329,38.3,76,0.179,0.269,0.257,11.1,14.5,9.5,0.279,0.46,0.353,28.1
Lester, Jon,452657,CHC,FF,4-Seamer,1.8,5,293,29.1,76,0.308,0.631,0.435,9.3,6.6,7,0.335,0.739,0.478,47.5
McGee, Jake,459429,LAD,FF,4-Seamer,-1.5,-5,320,96.4,75,0.194,0.361,0.259,34,40,24.6,0.192,0.362,0.246,48.8
Baragar, Caleb,670056,SF,FF,4-Seamer,-1.5,-4,260,74.5,75,0.214,0.414,0.285,20,24,19.1,0.213,0.45,0.302,39.6
Happ, J.A.,457918,NYY,FF,4-Seamer,-0.3,-1,349,44.3,74,0.21,0.452,0.34,21.9,24.3,17.1,0.194,0.326,0.292,40
Peterson, David,656849,NYM,FF,4-Seamer,-1.9,-6,304,37.4,74,0.164,0.262,0.274,20.3,13.5,14.1,0.213,0.367,0.327,39.2
Akin, Keegan,669211,BAL,FF,4-Seamer,-1.1,-4,310,62,74,0.231,0.369,0.305,28,32.4,24,0.243,0.446,0.334,55.8
Flaherty, Jack,656427,STL,FF,4-Seamer,0.2,1,318,44.2,74,0.238,0.397,0.331,24.3,28.4,21.6,0.305,0.562,0.41,37.2
Givens, Mychal,571710,COL,FF,4-Seamer,-1.5,-4,269,64.8,73,0.177,0.419,0.306,23.3,28.8,20.4,0.195,0.418,0.312,35.7
McKenzie, Triston,663474,CLE,FF,4-Seamer,-1.7,-5,293,53.3,73,0.194,0.328,0.262,23.7,34.2,23.6,0.212,0.419,0.299,38.1
Skubal, Tarik,669373,DET,FF,4-Seamer,0.1,0,348,58.9,73,0.25,0.547,0.372,28.3,28.8,20,0.201,0.441,0.305,42.2
Cisnero, José,542585,DET,FF,4-Seamer,-1,-3,303,58.4,73,0.274,0.403,0.354,27.5,23.3,19.5,0.267,0.463,0.369,57.8
Brault, Steven,643230,PIT,FF,4-Seamer,0.1,0,325,43.6,73,0.135,0.135,0.29,21.6,21.9,16.8,0.2,0.276,0.341,21.6
Roark, Tanner,543699,TOR,FF,4-Seamer,1.9,5,286,31.7,73,0.328,0.688,0.465,20.6,13.7,12.8,0.278,0.534,0.383,51.9
Buttrey, Ty,621142,LAA,FF,4-Seamer,0.4,1,249,58.2,73,0.318,0.515,0.376,16.8,15.1,14.1,0.27,0.458,0.331,38.6
Staumont, Josh,622251,KC,FF,4-Seamer,-1.6,-5,314,66.5,73,0.211,0.228,0.31,32.9,21.9,18.6,0.219,0.331,0.338,51.2
Gomber, Austin,596295,STL,FF,4-Seamer,-2.6,-7,276,52.5,72,0.143,0.161,0.253,21.2,19.4,15.9,0.227,0.309,0.323,34.1
Dayton, Grant,594795,ATL,FF,4-Seamer,-0.9,-3,294,60,71,0.175,0.397,0.29,32.5,31,20.2,0.184,0.452,0.312,36.6
Kim, Kwang Hyun,547942,STL,FF,4-Seamer,-2.6,-8,298,48.6,71,0.182,0.303,0.28,13.1,12.7,11.5,0.253,0.386,0.304,33.3
Luzardo, Jesús,666200,OAK,FF,4-Seamer,0.2,1,307,32.7,71,0.215,0.508,0.339,19.8,22.5,21.3,0.266,0.52,0.359,46.9
Green, Chad,643338,NYY,FF,4-Seamer,-2.5,-8,317,74.6,71,0.109,0.297,0.216,30.8,33.8,21.6,0.165,0.363,0.251,26.2
Bumgarner, Madison,518516,ARI,FF,4-Seamer,0.1,0,276,38.9,70,0.274,0.548,0.4,8.4,12.9,10.3,0.322,0.718,0.463,47.2
Rodríguez, Richard,593144,PIT,FF,4-Seamer,-1.6,-4,281,71.7,70,0.206,0.365,0.283,27.1,30,22.1,0.225,0.392,0.294,51.2
Oviedo, Johan,670912,STL,FF,4-Seamer,1.2,3,250,56.3,70,0.25,0.483,0.367,13,11.4,12.9,0.339,0.59,0.426,58.5
Kershaw, Clayton,477132,LAD,FF,4-Seamer,-1.5,-6,362,40.8,69,0.203,0.453,0.312,17.7,18.8,18.6,0.256,0.548,0.351,44.2
Hoffman, Jeff,656546,COL,FF,4-Seamer,2.6,6,218,54.6,68,0.356,0.627,0.448,14.3,11.8,15.1,0.341,0.609,0.422,60.4
Hernandez, Elieser,622694,MIA,FF,4-Seamer,0.4,1,267,58.9,67,0.274,0.484,0.361,23.1,26.9,19.6,0.231,0.407,0.311,40.9
Buehler, Walker,621111,LAD,FF,4-Seamer,-3.3,-11,323,53.8,67,0.102,0.119,0.172,26.1,34.3,24,0.126,0.186,0.201,30.6
García, Rony,665621,DET,FF,4-Seamer,2.5,6,248,63.1,67,0.317,0.617,0.426,20.2,13.4,15.3,0.339,0.602,0.428,47.1
Plutko, Adam,592644,CLE,FF,4-Seamer,0.2,0,224,50.2,66,0.25,0.433,0.308,25.8,10.6,8.5,0.272,0.419,0.326,35.2
Eovaldi, Nathan,543135,BOS,FF,4-Seamer,0.1,0,282,37.7,66,0.328,0.574,0.403,21.6,30.3,20.8,0.268,0.449,0.329,47.6
Rogers, Trevor,669432,MIA,FF,4-Seamer,0.8,2,308,54.2,66,0.314,0.627,0.444,29.7,31.8,22.1,0.195,0.344,0.314,40.6
Erlin, Robbie,572362,ATL,FF,4-Seamer,1.1,3,257,55.7,66,0.274,0.645,0.389,16.3,18.2,15.8,0.243,0.561,0.349,39.2
Heuer, Codi,676051,CWS,FF,4-Seamer,-2.4,-6,246,65.8,66,0.186,0.271,0.265,23,19.7,21,0.259,0.371,0.318,45.7
Hudson, Daniel,543339,WSH,FF,4-Seamer,-0.5,-1,287,75.9,65,0.17,0.434,0.341,27.8,26.2,19.1,0.185,0.43,0.332,37.8
Richards, Trevor,670950,TB,FF,4-Seamer,0,0,292,50.7,65,0.328,0.466,0.426,18.1,12.3,12.7,0.297,0.483,0.362,51
Paredes, Enoli,660600,HOU,FF,4-Seamer,0.2,1,247,68.2,64,0.269,0.365,0.379,26.4,17.2,16.9,0.32,0.483,0.405,45.2
Bielak, Brandon,656232,HOU,FF,4-Seamer,1.1,3,295,49.4,64,0.327,0.712,0.48,15.4,7.8,7.8,0.345,0.634,0.461,47.9
Hendriks, Liam,521230,OAK,FF,4-Seamer,-3.1,-8,260,70.3,64,0.2,0.283,0.222,30.1,32.8,30.9,0.247,0.392,0.286,34.1
Rogers, Tyler,643511,SF,FF,4-Seamer,-1.8,-4,238,52,63,0.254,0.288,0.292,19,19,29.3,0.195,0.242,0.218,35.4
Lindblom, Josh,458676,MIL,FF,4-Seamer,-0.2,-1,278,35.1,63,0.275,0.49,0.397,26.4,27,21.3,0.25,0.416,0.362,50
Kay, Anthony,641743,TOR,FF,4-Seamer,3,7,231,56.5,63,0.3,0.62,0.467,27.7,25.4,23.9,0.247,0.507,0.384,40
Carrasco, Carlos,471911,CLE,FF,4-Seamer,-1.3,-5,382,34.7,63,0.241,0.426,0.336,26.9,22.2,16.9,0.255,0.459,0.352,43.9
Turley, Nik,543867,PIT,FF,4-Seamer,-1.7,-4,207,55.5,63,0.148,0.259,0.234,22.6,17.5,19.6,0.2,0.351,0.282,33.3
Pagán, Emilio,641941,SD,FF,4-Seamer,1.4,3,228,62.3,62,0.245,0.509,0.361,24.6,22.6,17.3,0.248,0.525,0.366,45
Jiménez, Joe,641729,DET,FF,4-Seamer,1.3,3,242,62.2,62,0.28,0.5,0.402,17.7,14.5,13.4,0.291,0.493,0.395,44.2
Allard, Kolby,663465,TEX,FF,4-Seamer,0.9,3,306,46.5,62,0.2,0.38,0.336,24.3,24.2,14.3,0.201,0.398,0.333,38.9
Foster, Matt,641582,CWS,FF,4-Seamer,-1.9,-5,249,57.1,62,0.161,0.286,0.232,27.1,33.9,26.9,0.234,0.438,0.316,44.4
Sánchez, Aníbal,434671,WSH,FF,4-Seamer,4.1,11,277,28.5,61,0.441,0.864,0.57,11.8,4.9,4.6,0.384,0.769,0.489,53.6
Stratton, Chris,608717,PIT,FF,4-Seamer,-1.3,-3,254,46.4,61,0.204,0.306,0.303,39.1,37.7,28.4,0.224,0.404,0.339,37
Taylor, Blake,642130,HOU,FF,4-Seamer,-3.9,-10,261,76.5,61,0.12,0.14,0.209,17.8,21.3,22,0.135,0.206,0.249,18.9
Díaz, Edwin,621242,NYM,FF,4-Seamer,-0.6,-2,294,60.9,61,0.231,0.385,0.328,41.1,44.3,29.7,0.167,0.273,0.263,48
Brasier, Ryan,518489,BOS,FF,4-Seamer,-1,-2,247,58.3,60,0.268,0.446,0.335,29.3,26.7,21.6,0.256,0.451,0.315,53.7
López, Reynaldo,625643,CWS,FF,4-Seamer,2.5,6,253,50.3,60,0.333,0.646,0.467,20.3,20,16,0.28,0.575,0.421,54.1
Rosenthal, Trevor,572096,SD,FF,4-Seamer,-3.7,-10,257,67.5,60,0.154,0.212,0.219,35,41.7,37.3,0.124,0.196,0.201,39.3
Hill, Rich,448179,MIN,FF,4-Seamer,-1.2,-3,273,44.1,59,0.245,0.472,0.343,17.4,18.6,23.9,0.291,0.64,0.417,40.5
Sims, Lucas,608371,CIN,FF,4-Seamer,-0.1,0,223,48.1,59,0.184,0.429,0.351,29,22,19.7,0.172,0.293,0.284,41.7
Howard, Spencer,675921,PHI,FF,4-Seamer,-0.9,-2,248,56.5,59,0.28,0.4,0.339,18.8,20.3,16.4,0.271,0.388,0.33,32.5
Barnes, Matt,598264,BOS,FF,4-Seamer,-0.8,-2,246,54.1,59,0.224,0.367,0.345,26.9,27.1,20.3,0.231,0.422,0.348,51.5
Patiño, Luis,672715,SD,FF,4-Seamer,-0.6,-1,226,64.8,59,0.298,0.383,0.381,19.8,22,21.3,0.208,0.323,0.323,29.4
Anderson, Chase,502624,TOR,FF,4-Seamer,3.7,8,221,33.9,59,0.386,0.895,0.547,24.1,27.1,22.5,0.353,0.789,0.482,53.7
Wacha, Michael,608379,NYM,FF,4-Seamer,3.9,10,246,40.4,58,0.392,0.745,0.522,16.5,13.8,12.3,0.328,0.621,0.435,58.1
Castano, Daniel,641447,MIA,FF,4-Seamer,0,0,185,39,58,0.302,0.434,0.396,14,8.6,10.4,0.36,0.524,0.408,45.8
Anderson, Ian,666120,ATL,FF,4-Seamer,-1.4,-4,268,46.9,58,0.212,0.288,0.299,15.2,25.9,21.1,0.179,0.253,0.239,43.2
Norris, Daniel,596057,DET,FF,4-Seamer,-0.1,0,233,47.6,58,0.288,0.423,0.348,20.2,17.2,16.9,0.295,0.575,0.397,52.4
Lugo, Seth,607625,NYM,FF,4-Seamer,2.2,4,199,32.6,57,0.269,0.673,0.417,33,45.6,29.2,0.264,0.582,0.382,53.8
Clevinger, Mike,605182,SD,FF,4-Seamer,-0.4,-1,259,39.9,57,0.236,0.564,0.345,23.3,24.6,22.2,0.307,0.631,0.402,46.3
Fairbanks, Pete,664126,TB,FF,4-Seamer,-0.7,-2,281,57.3,57,0.277,0.34,0.37,33.3,28.1,23.2,0.225,0.303,0.313,41.9
Milone, Tommy,543548,ATL,FF,4-Seamer,-0.1,0,302,43.3,57,0.283,0.604,0.396,18.9,21.1,19.7,0.263,0.546,0.351,45.2
Hearn, Taylor,621368,TEX,FF,4-Seamer,-2.2,-5,212,60.2,57,0.174,0.239,0.268,26,33.3,27.9,0.169,0.271,0.276,35.7
Berríos, José,621244,MIN,FF,4-Seamer,2.4,7,286,26,57,0.38,0.78,0.512,23.5,17.5,11.4,0.333,0.691,0.459,60
Mills, Alec,621219,CHC,FF,4-Seamer,0.7,2,240,25.4,57,0.32,0.72,0.454,13.1,14,12.9,0.319,0.731,0.466,51.2
Hatch, Thomas,641672,TOR,FF,4-Seamer,-0.2,0,207,46.9,57,0.234,0.298,0.332,25.6,17.5,15.9,0.273,0.459,0.38,45.9
Kikuchi, Yusei,579328,SEA,FF,4-Seamer,0.9,3,300,37.7,56,0.265,0.388,0.35,30.8,26.8,19.5,0.261,0.353,0.318,35.3
James, Josh,657624,HOU,FF,4-Seamer,2,4,196,57.6,56,0.3,0.6,0.471,19.4,21.4,32.4,0.263,0.533,0.439,35.7
Widener, Taylor,642203,ARI,FF,4-Seamer,-1.1,-2,233,64,56,0.191,0.404,0.321,29.4,30.4,21.5,0.192,0.413,0.322,43.3
Morton, Charlie,450203,TB,FF,4-Seamer,0.4,1,234,35.5,55,0.277,0.404,0.37,24.8,30.9,20,0.244,0.478,0.358,46.7
Ramirez, Yohan,670990,SEA,FF,4-Seamer,-0.6,-2,252,60,55,0.216,0.459,0.407,22.4,16.4,16.7,0.229,0.454,0.421,41.4
Ryu, Hyun Jin,547943,TOR,FF,4-Seamer,0.8,2,279,24.6,55,0.353,0.569,0.435,18.9,21.8,13,0.296,0.501,0.364,35.9
Ferguson, Caleb,657571,LAD,FF,4-Seamer,-0.3,-1,240,78.9,55,0.25,0.404,0.326,28.4,32.7,23.4,0.178,0.328,0.241,35.3
Pomeranz, Drew,519141,SD,FF,4-Seamer,-2.9,-7,257,79.6,55,0.114,0.182,0.229,33.6,38.2,24.4,0.111,0.213,0.236,29.2
Nola, Aaron,605400,PHI,FF,4-Seamer,-1.7,-5,280,24.4,55,0.137,0.333,0.248,30.2,25.5,26.9,0.216,0.44,0.304,45.9
Hendricks, Kyle,543294,CHC,FF,4-Seamer,-2.3,-6,242,20.8,55,0.2,0.34,0.261,22,21.8,25,0.255,0.487,0.336,43.6
Urquidy, José,664353,HOU,FF,4-Seamer,-1.9,-5,234,54.5,55,0.216,0.333,0.276,17.7,10.9,10.5,0.322,0.551,0.394,51.1
Sulser, Cole,642121,BAL,FF,4-Seamer,3.4,8,240,57.7,54,0.243,0.432,0.44,27.6,14.8,13.3,0.225,0.376,0.384,32.3
Thielbar, Caleb,573204,MIN,FF,4-Seamer,-2.9,-6,202,54.4,54,0.213,0.234,0.264,28.4,25.9,17.5,0.205,0.322,0.287,24.2
Wendelken, J.B.,605525,OAK,FF,4-Seamer,-2.6,-5,203,47.5,54,0.178,0.2,0.278,20.8,29.6,25.4,0.142,0.261,0.26,31
Fry, Paul,643316,BAL,FF,4-Seamer,0.7,1,200,53.2,53,0.34,0.553,0.436,15.6,15.1,25.8,0.226,0.355,0.301,30.8
González, Gio,461829,CWS,FF,4-Seamer,3.3,7,203,32.8,53,0.41,0.538,0.491,20.5,13.2,13,0.364,0.56,0.474,37.5
Paxton, James,572020,NYY,FF,4-Seamer,1.2,2,202,56.7,53,0.313,0.625,0.423,18.7,20.8,19,0.251,0.492,0.347,48.6
Lorenzen, Michael,547179,CIN,FF,4-Seamer,-2.6,-5,202,33.2,53,0.075,0.075,0.226,34.4,30.2,22.2,0.081,0.116,0.224,12
Zuber, Tyler,676604,KC,FF,4-Seamer,0.3,1,183,44.4,53,0.184,0.368,0.359,30.3,35.8,32.8,0.186,0.378,0.361,40
Curtiss, John,595928,TB,FF,4-Seamer,-1.2,-3,214,55.7,52,0.25,0.423,0.293,21.8,23.1,20.3,0.235,0.466,0.293,45
Cabrera, Génesis,650893,STL,FF,4-Seamer,-0.9,-2,200,50.4,52,0.154,0.308,0.321,37.6,30.8,28.1,0.209,0.391,0.364,21.7
Holder, Jonathan,656547,NYY,FF,4-Seamer,-0.2,-1,208,52.4,52,0.283,0.565,0.383,19.6,15.4,13.3,0.254,0.558,0.367,43.6
Benjamin, Wes,605138,TEX,FF,4-Seamer,-1.7,-3,192,49.4,52,0.191,0.255,0.244,20.5,21.2,20.8,0.183,0.311,0.257,50
Wittgren, Nick,621295,CLE,FF,4-Seamer,-2.3,-5,228,60.5,52,0.13,0.304,0.231,27.4,34.6,22,0.211,0.391,0.294,37.9
Pineda, Michael,501381,MIN,FF,4-Seamer,1.2,3,228,50.1,51,0.381,0.524,0.42,21.2,15.7,13.8,0.287,0.444,0.376,47.2
Montas, Frankie,593423,OAK,FF,4-Seamer,-1.2,-3,219,24,51,0.17,0.319,0.246,33.3,45.1,28.7,0.167,0.289,0.233,33.3
Rasmussen, Drew,656876,MIL,FF,4-Seamer,1,2,206,68.2,51,0.273,0.545,0.393,35.8,31.4,26.2,0.216,0.344,0.302,32.1
Rondón, Héctor,444468,ARI,FF,4-Seamer,1.7,3,191,49,51,0.311,0.844,0.5,9.4,17.6,13.8,0.254,0.565,0.379,41.7
Rainey, Tanner,663432,WSH,FF,4-Seamer,-2.4,-4,182,60.9,51,0.149,0.447,0.284,32,31.4,34.8,0.229,0.473,0.325,45.2
Keller, Mitch,656605,PIT,FF,4-Seamer,-0.7,-1,214,55.6,50,0.184,0.395,0.352,18.2,12,11.1,0.246,0.554,0.421,53.1
Pearson, Nate,663878,TOR,FF,4-Seamer,1.4,2,164,50.6,50,0.205,0.385,0.349,16.7,16,18.2,0.241,0.433,0.376,41.9
DeSclafani, Anthony,543101,CIN,FF,4-Seamer,3.4,7,200,33.2,49,0.436,0.821,0.551,21.3,6.1,9.1,0.337,0.707,0.474,54.1
Diekman, Jake,518617,OAK,FF,4-Seamer,-3.3,-7,197,55.6,48,0.053,0.132,0.2,37.9,37.5,27.7,0.152,0.334,0.3,52.4
Gott, Trevor,641627,SF,FF,4-Seamer,2.7,4,138,63.6,48,0.282,0.795,0.476,23.9,14.6,25,0.268,0.644,0.436,53.1
Soria, Joakim,465657,OAK,FF,4-Seamer,-1.3,-3,246,65.3,48,0.268,0.39,0.317,17.1,18.8,17,0.229,0.384,0.309,35.3
Maton, Phil,664208,CLE,FF,4-Seamer,-1.9,-3,176,46.4,48,0.295,0.341,0.317,38.1,41.7,29.4,0.215,0.257,0.248,33.3
Ynoa, Huascar,660623,ATL,FF,4-Seamer,0.5,1,172,43.5,48,0.342,0.5,0.405,11.1,6.3,7.9,0.349,0.577,0.441,45.9
Guerra, Javy,457915,WSH,FF,4-Seamer,-0.8,-2,187,65.4,48,0.238,0.381,0.321,24.7,20.8,16.1,0.183,0.299,0.267,37.5
Corbin, Patrick,571578,WSH,FF,4-Seamer,2.3,4,184,17.2,47,0.429,0.69,0.507,6.3,4.3,5.9,0.34,0.653,0.434,48.8
Castillo, Luis,622491,CIN,FF,4-Seamer,0.7,2,312,27.1,47,0.3,0.525,0.387,37.2,36.2,21,0.212,0.384,0.307,54.2
Gray, Sonny,543243,CIN,FF,4-Seamer,-1.1,-3,250,25.8,47,0.25,0.477,0.332,15.1,23.4,21.2,0.225,0.356,0.276,30.3
López, Yoan,661255,ARI,FF,4-Seamer,-0.7,-1,156,54.5,46,0.268,0.415,0.364,10,10.9,14.7,0.22,0.41,0.314,38.9
Bard, Daniel,453268,COL,FF,4-Seamer,-0.8,-1,176,43.6,46,0.244,0.366,0.311,29.2,30.4,23.3,0.251,0.41,0.327,70.4
Ginkel, Kevin,656464,ARI,FF,4-Seamer,2,4,203,59.7,46,0.41,0.615,0.482,22.3,19.6,16.4,0.275,0.443,0.365,36.7
May, Trevor,543507,MIN,FF,4-Seamer,-0.2,0,196,47.7,46,0.275,0.575,0.407,46.9,43.5,33.9,0.2,0.449,0.325,47.6
Hembree, Heath,592390,PHI,FF,4-Seamer,2.4,5,209,57.6,46,0.325,0.9,0.527,27,28.3,20.6,0.277,0.729,0.451,48.1
Jackson, Luke,592426,ATL,FF,4-Seamer,1.4,2,174,35.7,45,0.324,0.514,0.39,10.8,8.9,8.9,0.311,0.51,0.395,40
Karinchak, James,675916,CLE,FF,4-Seamer,-1.4,-3,235,50.2,45,0.184,0.342,0.281,38.7,42.2,29.7,0.15,0.287,0.241,47.8
Farmer, Buck,571656,DET,FF,4-Seamer,-1.1,-2,180,52.8,45,0.214,0.286,0.266,10.5,8.9,10.8,0.297,0.452,0.338,46.2
Smyly, Drew,592767,SF,FF,4-Seamer,-1.9,-4,221,45.9,45,0.237,0.263,0.301,23.8,20,15.3,0.281,0.44,0.369,46.7
Yamaguchi, Shun,685493,TOR,FF,4-Seamer,1.6,3,205,40.8,45,0.324,0.618,0.493,25.3,22.2,17.2,0.328,0.587,0.466,45.8
Wilson, Justin,458677,NYM,FF,4-Seamer,-3.3,-6,199,57.7,45,0.158,0.184,0.226,28.4,31.1,20,0.199,0.289,0.278,32
Boxberger, Brad,502202,MIA,FF,4-Seamer,-0.9,-2,197,55.2,44,0.194,0.389,0.328,26.7,34.1,23.4,0.191,0.39,0.325,33.3
Stock, Robert,476594,BOS,FF,4-Seamer,2.9,5,162,64,44,0.361,0.417,0.409,23,22.7,24.4,0.273,0.39,0.36,50
Wick, Rowan,592858,CHC,FF,4-Seamer,-1.8,-3,161,53,44,0.275,0.375,0.32,23.9,22.7,18.2,0.325,0.564,0.408,53.3
Gibson, Kyle,502043,TEX,FF,4-Seamer,-1.5,-2,158,13.9,44,0.214,0.357,0.265,6.3,9.1,13.3,0.311,0.492,0.36,42.1
Nelson, Nick,656793,NYY,FF,4-Seamer,0.7,1,214,57.2,44,0.314,0.629,0.459,22.3,11.4,10.6,0.34,0.651,0.473,43.3
Freeland, Kyle,607536,COL,FF,4-Seamer,1.3,3,239,21.3,44,0.289,0.421,0.366,11.3,9.1,8,0.288,0.381,0.344,34.3
Phillips, Evan,623465,BAL,FF,4-Seamer,0.6,1,188,66.2,44,0.265,0.353,0.377,24.7,25,20.8,0.252,0.371,0.368,34.8
Howard, Sam,607572,PIT,FF,4-Seamer,-2,-3,135,37.4,43,0.243,0.432,0.329,26.7,25.6,30.6,0.261,0.446,0.339,37
Junis, Jakob,596001,KC,FF,4-Seamer,0,0,137,34.8,43,0.275,0.575,0.381,16.2,9.3,20,0.285,0.542,0.372,30.6
Reyes, Alex,621052,STL,FF,4-Seamer,-2,-4,180,48.8,43,0.156,0.281,0.33,25.9,23.3,23.3,0.187,0.414,0.356,39.1
Font, Wilmer,521655,TOR,FF,4-Seamer,4.4,9,199,54.1,43,0.447,0.632,0.49,20.4,16.3,9.6,0.336,0.531,0.405,56.3
Underwood Jr., Duane,621249,CHC,FF,4-Seamer,2.1,3,144,43,43,0.368,0.711,0.469,26.5,23.3,26.3,0.288,0.557,0.379,55.2
Andriese, Matt,542882,LAA,FF,4-Seamer,0.7,1,184,36.8,43,0.175,0.375,0.262,19.8,25.6,16.2,0.213,0.431,0.298,34.5
Musgrove, Joe,605397,PIT,FF,4-Seamer,1,2,181,26.9,43,0.324,0.676,0.463,17,14,12,0.293,0.486,0.38,37.5
Scott, Tanner,656945,BAL,FF,4-Seamer,-1.7,-4,205,59.4,43,0.212,0.333,0.364,31.8,11.6,17.2,0.259,0.425,0.388,32.1
Alcantara, Sandy,645261,MIA,FF,4-Seamer,1.2,2,164,24.8,43,0.25,0.35,0.291,24.1,27.9,18.5,0.237,0.346,0.282,50
Almonte, Yency,622075,COL,FF,4-Seamer,-0.7,-1,176,39.5,43,0.275,0.425,0.35,6.9,2.3,2.7,0.292,0.499,0.362,41
Bradley, Archie,605151,CIN,FF,4-Seamer,-0.5,-1,165,59.8,43,0.25,0.325,0.303,24.3,23.3,22.2,0.261,0.493,0.343,43.3
Harper, Ryne,607560,WSH,FF,4-Seamer,8.2,13,153,37.5,43,0.486,0.946,0.638,10.6,9.3,16,0.369,0.666,0.474,45.5
Knebel, Corey,608349,MIL,FF,4-Seamer,2.2,4,168,63.9,42,0.351,0.73,0.483,19.2,19,16.7,0.266,0.552,0.385,41.4
Mayers, Mike,594577,LAA,FF,4-Seamer,-0.8,-1,172,33.6,42,0.111,0.222,0.263,38,35.7,26.8,0.193,0.401,0.31,42.9
Springs, Jeffrey,605488,BOS,FF,4-Seamer,3.7,7,190,46.9,42,0.316,0.632,0.427,39.8,35.7,25.4,0.28,0.591,0.393,47.8
Woodford, Jake,663765,STL,FF,4-Seamer,2,3,157,43.6,42,0.316,0.711,0.438,15.6,11.9,10.9,0.296,0.564,0.385,44.1
Neris, Héctor,593576,PHI,FF,4-Seamer,0.1,0,170,42.6,42,0.286,0.286,0.331,30.4,19,18.6,0.236,0.38,0.336,40.7
Toussaint, Touki,657053,ATL,FF,4-Seamer,2.2,4,177,36,42,0.233,0.533,0.421,17.2,19,15.7,0.273,0.566,0.443,39.1
Kimbrel, Craig,518886,CHC,FF,4-Seamer,0.7,1,187,62.3,41,0.206,0.471,0.352,30.5,34.1,23.7,0.217,0.502,0.366,60
Neverauskas, Dovydas,596720,PIT,FF,4-Seamer,6.1,10,168,46.9,41,0.441,0.941,0.599,18.2,9.8,13.8,0.37,0.744,0.504,60
Hudson, Dakota,641712,STL,FF,4-Seamer,-4.7,-6,133,22.6,41,0.103,0.128,0.13,11.1,12.2,13.5,0.26,0.382,0.298,44.1
Hill, Cam,657611,CLE,FF,4-Seamer,-0.2,0,141,48.5,41,0.229,0.457,0.315,22.2,12.2,13.2,0.283,0.524,0.364,50
Shreve, Chasen,592741,NYM,FF,4-Seamer,-1.9,-4,216,51.2,41,0.206,0.529,0.363,23.5,12.2,17.2,0.266,0.502,0.37,50
Houser, Adrian,605288,MIL,FF,4-Seamer,3.2,6,187,20.3,41,0.351,0.541,0.415,32.1,26.8,16.9,0.265,0.475,0.349,30.8
Eshelman, Thomas,664045,BAL,FF,4-Seamer,3.2,4,127,24,41,0.333,0.528,0.421,6.7,9.8,13.8,0.355,0.625,0.45,46.9
Vincent, Nick,543883,MIA,FF,4-Seamer,-1.3,-2,154,47.7,41,0.289,0.553,0.38,30,29.3,26.1,0.324,0.63,0.42,46.2
Barlow, Scott,605130,KC,FF,4-Seamer,2.1,4,188,37.1,40,0.324,0.649,0.431,28.2,22.5,20,0.337,0.677,0.442,71.4
Waguespack, Jacob,621097,TOR,FF,4-Seamer,1.5,3,174,43.8,40,0.206,0.324,0.289,20.2,22.5,11.8,0.204,0.306,0.297,20
Smith, Will,519293,ATL,FF,4-Seamer,-3.8,-4,114,45.2,40,0.111,0.278,0.215,15.1,25,27.8,0.19,0.42,0.297,34.6
Webb, Tyler,643778,STL,FF,4-Seamer,1.3,2,136,39.3,40,0.286,0.457,0.35,26.1,22.5,20.9,0.296,0.551,0.392,55.6
Darvish, Yu,506433,CHC,FF,4-Seamer,-1.3,-2,168,14.6,40,0.205,0.256,0.238,42.3,52.5,33.9,0.137,0.183,0.152,44.4
Duffey, Tyler,608648,MIN,FF,4-Seamer,-3,-5,154,41.8,40,0.158,0.289,0.215,31.1,40,35.6,0.184,0.315,0.234,63.6
Altavilla, Dan,656186,SD,FF,4-Seamer,-0.7,-1,170,46.8,39,0.219,0.5,0.371,29.2,25.6,20.4,0.29,0.597,0.43,45.5
Tanaka, Masahiro,547888,NYY,FF,4-Seamer,2.5,5,185,24.1,39,0.351,0.649,0.438,30.1,17.9,13.2,0.346,0.773,0.474,56.7
Hand, Brad,543272,CLE,FF,4-Seamer,-1.1,-1,124,34.2,39,0.156,0.281,0.259,9.8,30.8,20.7,0.135,0.207,0.243,38.1
Pivetta, Nick,601713,BOS,FF,4-Seamer,0.4,1,141,48.6,39,0.286,0.571,0.395,18.9,23.1,25.7,0.233,0.454,0.33,38.5
Morejon, Adrian,670970,SD,FF,4-Seamer,2,4,181,56.2,39,0.333,0.806,0.513,14.6,10.3,9.5,0.349,0.762,0.481,40.6
Zimmer, Kyle,622092,KC,FF,4-Seamer,-1.5,-3,179,48,39,0.161,0.226,0.3,28.6,35.9,29.8,0.173,0.227,0.282,35.3
Alcala, Jorge,660896,MIN,FF,4-Seamer,0.5,1,187,46.4,39,0.333,0.455,0.399,22.8,23.1,22,0.29,0.497,0.39,37.5
Gibaut, Ian,664139,TEX,FF,4-Seamer,1.8,2,130,53.9,38,0.267,0.5,0.42,28.3,21.1,21.1,0.286,0.519,0.409,60.9
Martínez, Carlos,593372,STL,FF,4-Seamer,3.7,5,143,35.6,38,0.4,0.743,0.519,16.4,10.5,9.8,0.283,0.517,0.358,40.6
Robles, Hansel,570663,LAA,FF,4-Seamer,3.1,4,144,45.4,38,0.355,0.742,0.493,29,23.7,19.6,0.33,0.706,0.475,45.8
Bassitt, Chris,605135,OAK,FF,4-Seamer,-2.1,-3,157,16.6,38,0.167,0.222,0.179,32.5,55.3,22.6,0.124,0.173,0.139,31.3
Young, Alex,622065,ARI,FF,4-Seamer,2,3,158,19.8,37,0.29,0.645,0.446,14.8,10.8,8.3,0.328,0.718,0.459,53.6
Holland, Greg,518813,KC,FF,4-Seamer,-1.3,-2,167,37.4,37,0.138,0.31,0.292,23.4,16.2,22.2,0.191,0.354,0.301,48
Barría, Jaime,642545,LAA,FF,4-Seamer,1.3,2,158,30.9,37,0.258,0.548,0.396,17.4,13.5,9.4,0.232,0.333,0.319,38.5
González, Chi Chi,592346,COL,FF,4-Seamer,-0.5,-1,157,45.2,37,0.258,0.452,0.372,20,21.6,17.4,0.321,0.526,0.407,33.3
Merryweather, Julian,657240,TOR,FF,4-Seamer,-3.2,-4,133,57.1,37,0.188,0.219,0.25,19.2,24.3,21.4,0.241,0.325,0.306,34.8
Garcia, Yimi,554340,MIA,FF,4-Seamer,-4,-5,119,49.4,36,0.125,0.188,0.197,36.4,41.7,35.7,0.176,0.337,0.27,41.2
Stashak, Cody,664054,MIN,FF,4-Seamer,-1.2,-1,123,55.2,36,0.242,0.455,0.328,18.3,16.7,17.1,0.25,0.502,0.345,29.6
Maeda, Kenta,628317,MIN,FF,4-Seamer,-2.7,-5,184,18.7,36,0.086,0.114,0.104,25.7,44.4,27.6,0.138,0.171,0.151,10.5
Wilson, Bryse,669060,ATL,FF,4-Seamer,1.3,2,147,47,36,0.321,0.607,0.461,20.8,16.7,12.2,0.282,0.557,0.427,50
Iglesias, Raisel,628452,CIN,FF,4-Seamer,-1.8,-2,138,38.2,36,0.219,0.406,0.293,26.1,33.3,26.7,0.204,0.409,0.304,52.4
Garcia, Rico,670329,SF,FF,4-Seamer,2.9,3,99,55.9,36,0.387,0.581,0.438,12.1,11.1,14.8,0.336,0.556,0.406,50
Hale, David,571735,PHI,FF,4-Seamer,-2.9,-4,125,44.3,35,0.333,0.515,0.369,21.7,17.1,16.7,0.334,0.561,0.399,40.7
Lail, Brady,621078,SEA,FF,4-Seamer,-6.6,-6,92,30.7,35,0.133,0.333,0.266,13.6,22.9,33.3,0.132,0.242,0.236,45.5
López, Jorge,605347,BAL,FF,4-Seamer,-0.2,0,137,21.6,35,0.276,0.655,0.4,18,2.9,3.8,0.394,0.827,0.546,53.3
Pérez, Martín,527048,BOS,FF,4-Seamer,-0.2,0,156,15.1,35,0.233,0.533,0.399,24.1,17.1,12.8,0.253,0.409,0.34,33.3
Loáisiga, Jonathan,642528,NYY,FF,4-Seamer,-1.9,-3,168,42.6,35,0.2,0.333,0.296,15.1,17.1,12.2,0.245,0.429,0.345,33.3
Teheran, Julio,527054,LAA,FF,4-Seamer,6.9,10,150,26.2,34,0.379,1,0.615,14.8,20.6,15.6,0.388,0.93,0.565,40.9
Weems, Jordan,607179,OAK,FF,4-Seamer,0.7,1,138,62.2,34,0.296,0.481,0.421,21.3,17.6,25,0.281,0.58,0.431,42.9
Lakins Sr., Travis,664042,BAL,FF,4-Seamer,-0.1,0,158,33.6,34,0.25,0.292,0.375,16.4,17.6,16.7,0.267,0.359,0.396,50
Hernández, Carlos,672578,KC,FF,4-Seamer,-1.1,-1,131,51.4,34,0.233,0.567,0.375,22.2,14.7,26.3,0.321,0.651,0.44,60
García, Jarlín,606424,SF,FF,4-Seamer,-2.6,-4,138,48.6,34,0.111,0.148,0.219,11.5,17.6,15.8,0.183,0.314,0.277,47.8
Middleton, Keynan,641871,LAA,FF,4-Seamer,0.6,1,124,59,34,0.267,0.5,0.359,20.3,20.6,17.9,0.247,0.367,0.295,20.8
Schreiber, John,670167,DET,FF,4-Seamer,0.8,1,136,48.4,34,0.344,0.594,0.396,14.8,23.5,19,0.295,0.467,0.339,52
Newberry, Jake,623470,KC,FF,4-Seamer,0.4,1,175,45.2,34,0.333,0.481,0.425,15.5,14.7,12.8,0.347,0.523,0.439,59.1
Kennedy, Ian,453178,KC,FF,4-Seamer,1.8,2,137,52.5,34,0.29,0.613,0.453,21.1,23.5,17.8,0.253,0.544,0.355,50
Newsome, Ljay,664714,SEA,FF,4-Seamer,1.6,2,126,49.4,33,0.323,0.516,0.38,23.1,21.2,17.5,0.233,0.343,0.273,50
Johnson, Pierce,572955,SD,FF,4-Seamer,1.2,2,140,45.2,33,0.269,0.423,0.383,29.8,15.2,19.2,0.333,0.54,0.441,52.4
Rosso, Ramón,665759,PHI,FF,4-Seamer,1.1,1,126,64.9,33,0.24,0.48,0.398,30,27.3,26.5,0.223,0.532,0.406,43.8
Kinley, Tyler,641755,COL,FF,4-Seamer,2.2,3,124,33.4,32,0.28,0.32,0.339,18,12.5,14.8,0.296,0.433,0.384,36.4
Smith, Burch,572143,OAK,FF,4-Seamer,-4,-4,110,71.9,32,0.097,0.226,0.156,29.5,31.3,38.5,0.143,0.313,0.204,42.9
Guerra, Junior,448855,ARI,FF,4-Seamer,-0.9,-1,134,33.2,32,0.182,0.273,0.317,26.2,12.5,16.7,0.279,0.368,0.388,28.6
Williams, Devin,642207,MIL,FF,4-Seamer,0,0,188,43.6,32,0.192,0.346,0.373,37.8,37.5,30,0.196,0.387,0.332,50
Newcomb, Sean,656794,ATL,FF,4-Seamer,2.6,4,162,54,32,0.448,0.759,0.533,20.3,12.5,11.8,0.344,0.638,0.441,36
Montgomery, Jordan,656756,NYY,FF,4-Seamer,1.1,1,142,19,32,0.4,0.6,0.448,22.5,21.9,17.5,0.324,0.532,0.384,47.8
Ramirez, Noé,598287,LAA,FF,4-Seamer,-6.3,-8,121,36,32,0.071,0.071,0.122,22,21.9,19.4,0.152,0.227,0.208,27.3
Thorpe, Lewis,626929,MIN,FF,4-Seamer,4,5,129,47.4,32,0.458,0.833,0.586,11.3,6.3,6.5,0.425,0.817,0.567,40.9
Petit, Yusmeiro,433589,OAK,FF,4-Seamer,-2,-3,134,42.5,32,0.207,0.31,0.255,11.5,3.1,4,0.221,0.411,0.338,34.5
Beeks, Jalen,656222,TB,FF,4-Seamer,1.4,2,136,42.1,32,0.31,0.379,0.329,37.5,40.6,29.5,0.232,0.292,0.258,41.2
Anderson, Nick,623433,TB,FF,4-Seamer,-3.6,-6,152,64.1,32,0.097,0.194,0.169,29.9,40.6,26,0.178,0.474,0.28,44.4
Kremer, Dean,665152,BAL,FF,4-Seamer,-2.4,-3,137,39.6,32,0.222,0.37,0.3,24.6,31.3,30.3,0.241,0.378,0.312,50
Barnes, Jacob,606930,LAA,FF,4-Seamer,-1.9,-3,144,46.6,31,0.174,0.217,0.263,21.6,25.8,19,0.184,0.292,0.305,47.1
Herget, Jimmy,623474,TEX,FF,4-Seamer,-1.1,-2,151,43.1,31,0.136,0.318,0.348,23.1,9.7,10,0.258,0.536,0.441,26.3
Adam, Jason,592094,CHC,FF,4-Seamer,2.3,3,139,53.5,31,0.25,0.625,0.437,35.3,25.8,17.4,0.203,0.404,0.356,31.3
Alexander, Tyler,641302,DET,FF,4-Seamer,-2.6,-3,123,20.5,31,0.148,0.185,0.195,17.9,19.4,19.4,0.191,0.237,0.231,18.2
Fedde, Erick,607200,WSH,FF,4-Seamer,-2.1,-2,99,11.6,31,0.25,0.536,0.365,11.3,9.7,10.3,0.304,0.583,0.403,48
Bedrosian, Cam,592135,LAA,FF,4-Seamer,-2.6,-3,127,52.7,31,0.231,0.269,0.276,20.3,22.6,18.4,0.255,0.362,0.328,45
Houck, Tanner,656557,BOS,FF,4-Seamer,-1.8,-2,102,38.5,31,0.214,0.357,0.289,18.9,25.8,21.1,0.267,0.482,0.356,45
Williams, Taylor,592865,SD,FF,4-Seamer,2.1,2,115,42.3,30,0.375,0.458,0.433,13.3,16.7,25,0.302,0.485,0.408,47.4
Báez, Pedro,520980,LAD,FF,4-Seamer,1.1,1,129,42.2,30,0.207,0.345,0.27,20.3,20,14.6,0.267,0.432,0.311,34.8
Cody, Kyle,621129,TEX,FF,4-Seamer,-2.8,-3,110,29.7,30,0.125,0.25,0.267,10,13.3,13.8,0.16,0.315,0.299,40
Parker, Blake,453284,PHI,FF,4-Seamer,0.8,1,130,41.3,30,0.32,0.6,0.417,17.8,33.3,25.6,0.237,0.419,0.323,43.8
Fulmer, Michael,605242,DET,FF,4-Seamer,2,3,129,24.4,30,0.333,0.667,0.45,8.9,10,9.7,0.393,0.758,0.504,33.3
Brice, Austin,592169,BOS,FF,4-Seamer,2.2,3,128,35.7,30,0.214,0.536,0.303,48.4,53.3,31.4,0.155,0.363,0.247,50
Harvey, Matt,518774,KC,FF,4-Seamer,-0.7,-1,112,45.3,30,0.393,0.464,0.4,11.1,16.7,20,0.367,0.511,0.399,60.9
Hernandez, Darwinzon,650382,BOS,FF,4-Seamer,-3.1,-4,128,72.7,29,0.143,0.143,0.317,23,27.6,18.6,0.148,0.192,0.301,23.1
Garcia, Luis,677651,HOU,FF,4-Seamer,-0.2,0,109,53.7,29,0.217,0.565,0.374,15.7,10.3,10.7,0.327,0.629,0.448,57.1
Mengden, Daniel,596043,OAK,FF,4-Seamer,0.6,1,116,50.2,29,0.333,0.476,0.424,14.6,10.3,10.3,0.273,0.35,0.367,47.4
Hill, Tim,657612,SD,FF,4-Seamer,-1.3,-2,153,44,29,0.111,0.333,0.248,37.1,51.7,20.5,0.119,0.283,0.203,41.7
Martin, Chris,455119,ATL,FF,4-Seamer,-2.8,-4,124,44,28,0.111,0.222,0.193,28.8,28.6,16.3,0.226,0.503,0.316,47.4
Trivino, Lou,642152,OAK,FF,4-Seamer,0.7,1,111,30,28,0.19,0.381,0.355,21.4,25,21.2,0.219,0.375,0.362,50
Smith, Caleb,592761,ARI,FF,4-Seamer,-0.1,0,137,51.3,28,0.15,0.3,0.336,21.6,10.7,8.6,0.236,0.482,0.416,35.3
Pressly, Ryan,519151,HOU,FF,4-Seamer,1.1,1,131,37.1,28,0.357,0.607,0.411,19.6,17.9,15.2,0.286,0.393,0.294,39.1
Mejía, Humberto,650668,MIA,FF,4-Seamer,-0.8,-1,107,52.2,28,0.24,0.64,0.398,20.3,25,18.9,0.315,0.842,0.495,55.6
Selman, Sam,572125,SF,FF,4-Seamer,1.9,3,146,40.4,28,0.304,0.565,0.427,21.2,28.6,16.3,0.222,0.287,0.306,26.7
Montero, Rafael,606160,TEX,FF,4-Seamer,-0.6,-1,138,47.8,28,0.2,0.48,0.311,26.7,35.7,21.7,0.221,0.463,0.314,56.3
Minter, A.J.,621345,ATL,FF,4-Seamer,-1.1,-2,154,38.8,28,0.208,0.375,0.313,24.6,28.6,14.8,0.262,0.436,0.356,37.5
Betances, Dellin,476454,NYM,FF,4-Seamer,3.2,4,118,49,27,0.278,0.333,0.413,13.2,3.7,8.3,0.28,0.349,0.416,23.5
Oswalt, Corey,621261,NYM,FF,4-Seamer,2.1,2,108,48.4,27,0.36,0.68,0.457,15.6,18.5,21.7,0.291,0.571,0.382,40
Díaz, Jairo,545064,COL,FF,4-Seamer,6.3,5,80,22,27,0.429,0.714,0.556,17.1,7.4,12.5,0.375,0.697,0.51,31.6
Gallegos, Giovanny,606149,STL,FF,4-Seamer,0.9,1,111,48.5,27,0.28,0.44,0.339,21.8,22.2,20.7,0.349,0.639,0.435,52.6
O'Day, Darren,503285,ATL,FF,4-Seamer,-1.9,-2,123,47.1,27,0.087,0.217,0.244,30.2,37,16.1,0.106,0.228,0.221,7.7
Dugger, Robert,667498,MIA,FF,4-Seamer,8.5,8,90,42.5,27,0.37,0.926,0.535,6.5,7.4,6.1,0.344,0.921,0.515,48
Tomlin, Josh,458708,ATL,FF,4-Seamer,0.4,0,106,18.4,26,0.2,0.48,0.333,12.5,15.4,13.3,0.263,0.629,0.38,47.6
Wainwright, Adam,425794,STL,FF,4-Seamer,1.7,1,86,9.2,26,0.211,0.421,0.356,12.5,19.2,15.6,0.254,0.439,0.38,33.3
Smeltzer, Devin,656970,MIN,FF,4-Seamer,4.2,4,89,33.2,26,0.238,0.524,0.406,18.9,23.1,28.6,0.207,0.517,0.375,53.3
Mize, Casey,663554,DET,FF,4-Seamer,-1.9,-3,138,25.4,26,0.143,0.333,0.294,27.9,26.9,17.1,0.183,0.319,0.305,42.9
Sánchez, Sixto,664350,MIA,FF,4-Seamer,1.2,2,133,23.8,26,0.217,0.565,0.365,29.8,30.8,17,0.207,0.58,0.364,60
Strahm, Matt,621381,SD,FF,4-Seamer,-0.8,-1,90,29.2,26,0.261,0.391,0.331,15,15.4,17.4,0.246,0.453,0.34,26.3
Chapman, Aroldis,547973,NYY,FF,4-Seamer,-2.1,-3,144,72.4,25,0.095,0.19,0.212,42,48,27.3,0.108,0.206,0.223,33.3
Brubaker, JT,664141,PIT,FF,4-Seamer,4.1,5,116,14.4,25,0.45,0.65,0.52,18.4,12,7.9,0.324,0.44,0.401,29.4
Doolittle, Sean,448281,WSH,FF,4-Seamer,2.8,3,104,81.9,25,0.381,0.714,0.465,18.8,20,19.2,0.425,0.815,0.511,38.9
Harvey, Hunter,640451,BAL,FF,4-Seamer,-1.7,-2,110,75.9,25,0.217,0.478,0.332,26.3,20,19.2,0.287,0.563,0.362,63.2
Armstrong, Shawn,542888,BAL,FF,4-Seamer,-3.8,-4,102,43,25,0.095,0.19,0.212,27.5,32,16.7,0.242,0.426,0.347,61.5
Kuhl, Chad,641771,PIT,FF,4-Seamer,6,7,112,14.2,24,0.412,1.176,0.665,12.1,8.3,10.5,0.488,1.379,0.743,60
Menez, Conner,669214,SF,FF,4-Seamer,-1.9,-2,92,54.4,24,0.2,0.4,0.311,5.1,12.5,13,0.303,0.514,0.392,11.1
Allen, Logan,663531,CLE,FF,4-Seamer,1.8,2,85,45.7,24,0.421,0.684,0.521,13.3,4.2,6.3,0.327,0.555,0.444,44.4
Hess, David,605276,BAL,FF,4-Seamer,1.3,1,79,67.5,24,0.318,0.636,0.425,7,4.2,4.8,0.313,0.639,0.423,42.9
Rea, Colin,607067,CHC,FF,4-Seamer,-1.5,-1,96,39.8,24,0.261,0.435,0.285,19.6,20.8,15.6,0.269,0.444,0.321,36.8
Yamamoto, Jordan,657141,MIA,FF,4-Seamer,7.4,6,87,32.2,24,0.5,1.25,0.69,13.3,12.5,15,0.422,1.177,0.635,88.9
Garrett, Amir,607237,CIN,FF,4-Seamer,0.5,1,122,40.8,24,0.174,0.435,0.271,15.8,20.8,16.1,0.249,0.479,0.32,55.6
Feyereisen, J.P.,656420,MIL,FF,4-Seamer,-0.6,0,81,54,24,0.167,0.5,0.321,24.5,12.5,11.5,0.236,0.481,0.35,47.1
Martin, Brett,656685,TEX,FF,4-Seamer,-2.6,-2,73,32.9,24,0.176,0.294,0.317,5.4,4.2,5.6,0.185,0.291,0.325,23.5
Bergen, Travis,664157,ARI,FF,4-Seamer,-2.2,-3,113,64.2,24,0.125,0.313,0.37,33.3,33.3,25.8,0.198,0.414,0.409,37.5
Peralta, Wandy,593974,SF,FF,4-Seamer,4.7,5,110,22.5,24,0.364,0.727,0.517,15.4,12.5,9.1,0.382,0.843,0.524,47.4
Swanson, Erik,657024,SEA,FF,4-Seamer,1.5,2,110,73.8,24,0.3,0.7,0.433,28.6,25,18.2,0.309,0.693,0.433,66.7
Hall, Matt,664180,BOS,FF,4-Seamer,6.6,6,92,43.8,23,0.421,0.684,0.513,18.8,21.7,19.2,0.404,0.695,0.505,42.9
Helsley, Ryan,664854,STL,FF,4-Seamer,1.5,1,84,43.3,23,0.263,0.526,0.435,14,4.3,6.3,0.318,0.531,0.418,55.6
Drake, Oliver,543118,TB,FF,4-Seamer,-0.4,0,82,48,23,0.167,0.389,0.284,17.5,17.4,18.2,0.18,0.321,0.28,31.3
Dunning, Dane,641540,CWS,FF,4-Seamer,1.7,2,105,18.4,23,0.316,0.368,0.372,37.8,21.7,19.2,0.169,0.232,0.267,42.9
Goody, Nick,580792,TEX,FF,4-Seamer,0.6,1,106,43.1,23,0.316,0.579,0.433,9.5,26.1,16.2,0.31,0.62,0.444,30.8
Romano, Jordan,605447,TOR,FF,4-Seamer,-3.6,-3,95,40.1,23,0.05,0.05,0.13,52.4,56.5,43.3,0.089,0.136,0.175,57.1
Rodriguez, Nivaldo,670550,HOU,FF,4-Seamer,-1.2,-1,90,48.1,23,0.4,0.6,0.448,17,13,13,0.296,0.542,0.402,47.1
Pérez, Cionel,672335,HOU,FF,4-Seamer,-0.8,-1,79,61.7,22,0.353,0.353,0.405,30.6,22.7,31.3,0.234,0.274,0.331,16.7
Bednar, David,670280,SD,FF,4-Seamer,-0.1,0,70,59.3,22,0.3,0.55,0.391,28.6,18.2,21.1,0.301,0.598,0.402,62.5
Odorizzi, Jake,543606,MIN,FF,4-Seamer,0.1,0,118,41.7,22,0.278,0.333,0.348,22.6,31.8,18.4,0.273,0.442,0.374,36.4
Kelly, Merrill,518876,ARI,FF,4-Seamer,0.2,0,117,24.7,22,0.25,0.5,0.35,22.9,18.2,13.8,0.191,0.349,0.267,43.8
Miller, Andrew,453192,STL,FF,4-Seamer,0.3,0,62,30.2,22,0.25,0.25,0.355,24,22.7,35.7,0.179,0.207,0.316,18.2
Hirano, Yoshihisa,673633,SEA,FF,4-Seamer,1.5,2,112,45.2,22,0.412,0.647,0.511,21.7,13.6,17.6,0.28,0.541,0.424,42.9
Adams, Chance,664856,KC,FF,4-Seamer,1.2,1,83,47.7,22,0.409,0.682,0.466,15,13.6,12.5,0.295,0.64,0.39,52.6
Cole, A.J.,595918,TOR,FF,4-Seamer,-3.3,-4,134,34.4,22,0.158,0.368,0.252,26.6,13.6,13,0.2,0.384,0.277,41.2
Lauer, Eric,641778,MIL,FF,4-Seamer,1.2,2,127,52,22,0.444,0.444,0.423,21.6,13.6,10.3,0.349,0.513,0.41,25
Webb, Jacob,657097,ATL,FF,4-Seamer,-5.1,-4,88,52.4,22,0.105,0.105,0.218,25,22.7,18.5,0.198,0.314,0.283,35.7
Phelps, David,475479,PHI,FF,4-Seamer,-0.5,0,82,23,21,0.176,0.412,0.331,41.9,42.9,29,0.175,0.458,0.344,50
Sewald, Paul,623149,NYM,FF,4-Seamer,8.5,7,77,59.7,21,0.529,0.824,0.605,15.6,4.8,8.3,0.44,0.7,0.526,50
Stanek, Ryne,592773,MIA,FF,4-Seamer,-0.7,-1,83,43.9,21,0.235,0.588,0.41,18.2,9.5,11.1,0.242,0.469,0.375,46.7
Smith, Josh A.,595001,MIA,FF,4-Seamer,-4.8,-4,81,19,21,0.158,0.158,0.195,20,23.8,22.7,0.127,0.169,0.185,28.6
Detwiler, Ross,446321,CWS,FF,4-Seamer,2,2,86,27.7,21,0.263,0.632,0.402,39.5,19,19,0.244,0.617,0.385,53.3
Colomé, Alex,517008,CWS,FF,4-Seamer,0.3,0,104,28.4,21,0.2,0.267,0.345,22.2,14.3,14.3,0.306,0.491,0.442,66.7
Fulmer, Carson,608334,BAL,FF,4-Seamer,-2,-2,102,54.3,21,0.188,0.375,0.348,27.9,19,20,0.184,0.405,0.353,33.3
Ponce, Cody,664074,PIT,FF,4-Seamer,-1.4,-1,98,37,21,0.118,0.353,0.288,20,14.3,10,0.327,0.633,0.456,50
Leibrandt, Brandon,605335,MIA,FF,4-Seamer,-4,-3,71,47.3,21,0.059,0.059,0.176,14.3,9.5,7.7,0.198,0.413,0.338,53.3
Neidert, Nick,663734,MIA,FF,4-Seamer,-3.7,-3,78,59.1,21,0.211,0.211,0.238,10.5,9.5,13.3,0.34,0.422,0.365,70.6
Workman, Brandon,519443,PHI,FF,4-Seamer,0.8,1,104,26.3,21,0.222,0.556,0.374,31.4,42.9,39.1,0.251,0.683,0.424,55.6
Mazza, Chris,607391,BOS,FF,4-Seamer,0.7,1,91,16.9,21,0.263,0.263,0.281,41.5,42.9,20,0.267,0.308,0.298,20
Slegers, Aaron,642083,TB,FF,4-Seamer,-3.6,-3,84,21.7,20,0.158,0.158,0.17,18.9,15,10.7,0.26,0.41,0.306,31.3
Vesia, Alex,681911,MIA,FF,4-Seamer,2.7,3,97,72.9,20,0.357,0.786,0.545,25.5,10,5.9,0.207,0.443,0.396,50
Thornburg, Tyler,592804,CIN,FF,4-Seamer,0.8,1,85,57.8,20,0.25,0.25,0.32,27.8,25,20,0.291,0.514,0.412,45.5
Porcello, Rick,519144,NYM,FF,4-Seamer,0.2,0,103,10.5,20,0.211,0.211,0.215,19.2,50,19.2,0.179,0.206,0.194,22.2
Buchter, Ryan,488748,LAA,FF,4-Seamer,1.3,1,70,61.4,20,0.176,0.588,0.368,28.6,40,33.3,0.193,0.526,0.353,55.6
Eflin, Zach,621107,PHI,FF,4-Seamer,-0.8,-1,88,9.6,20,0.167,0.556,0.333,33.3,30,21.4,0.215,0.551,0.357,41.7
Quintana, José,500779,CHC,FF,4-Seamer,-2.8,-2,72,39.3,20,0.263,0.421,0.315,27.3,35,36.8,0.27,0.417,0.31,75
Wright, Kyle,657140,ATL,FF,4-Seamer,1.8,2,97,15.1,20,0.294,0.529,0.403,16.7,10,6.9,0.411,0.636,0.487,53.3
Mella, Keury,622492,ARI,FF,4-Seamer,-2.5,-2,66,41.8,20,0.353,0.412,0.358,12.1,5,7.1,0.338,0.55,0.429,58.8
Funkhouser, Kyle,608335,DET,FF,4-Seamer,2.7,2,91,28.5,20,0.333,0.444,0.375,13.2,10,8.7,0.284,0.345,0.318,31.3
Santos, Antonio,665733,COL,FF,4-Seamer,5,4,70,52.6,19,0.4,0.6,0.487,9.4,10.5,10.5,0.411,0.615,0.495,46.2
Gerber, Joey,680702,SEA,FF,4-Seamer,-2.7,-2,64,27.5,19,0.294,0.529,0.347,18.9,5.3,4.8,0.313,0.578,0.417,29.4
Wisler, Matt,605538,MIN,FF,4-Seamer,3.6,3,75,16.6,19,0.286,0.571,0.45,25,21.1,14.3,0.175,0.309,0.335,50
Leyer, Robinson,622490,BOS,FF,4-Seamer,7.5,6,81,50,19,0.533,1,0.661,24.2,21.1,13.8,0.313,0.642,0.461,45.5
Osich, Josh,592612,CHC,FF,4-Seamer,-0.5,0,69,22.7,19,0.333,0.333,0.416,5.4,10.5,11.8,0.347,0.391,0.342,25
Crowe, Wil,640444,WSH,FF,4-Seamer,7.3,5,65,33.5,19,0.5,1.143,0.689,8,15.8,33.3,0.366,1.068,0.613,63.6
Garrett, Braxton,666129,MIA,FF,4-Seamer,3.6,2,68,49.6,19,0.467,1.133,0.671,3.4,15.8,21.4,0.369,0.895,0.555,58.3
Carroll, Cody,606944,BAL,FF,4-Seamer,13.3,9,66,79.5,19,0.667,0.833,0.637,13.8,10.5,12.5,0.326,0.481,0.445,63.6
Nova, Iván,467100,DET,FF,4-Seamer,8.9,5,54,19,19,0.529,0.824,0.595,0,5.3,11.1,0.331,0.61,0.424,56.3
Chafin, Andrew,605177,CHC,FF,4-Seamer,3,2,70,38,18,0.375,0.75,0.5,10.7,27.8,22.7,0.276,0.658,0.422,54.5
Mears, Nick,683232,PIT,FF,4-Seamer,-0.9,-1,77,67.5,18,0.25,0.583,0.425,35.3,22.2,26.7,0.322,0.521,0.434,55.6
Bailey, Brandon,669064,HOU,FF,4-Seamer,0.5,0,51,52.6,18,0.286,0.5,0.417,16,0,0,0.374,0.669,0.497,28.6
Anderson, Shaun,641312,SF,FF,4-Seamer,1.3,1,107,38.6,18,0.385,0.615,0.506,26.2,11.1,8.7,0.19,0.236,0.329,36.4
Alzolay, Adbert,640470,CHC,FF,4-Seamer,0.8,1,122,31.5,18,0.333,0.667,0.475,20.8,11.1,6.9,0.28,0.54,0.473,54.5
Winkler, Dan,595465,CHC,FF,4-Seamer,-1.3,-1,67,22.4,18,0,0,0.233,33.3,27.8,25,0.202,0.409,0.404,71.4
Brogdon, Connor,641401,PHI,FF,4-Seamer,-2.1,-2,90,48.9,18,0.167,0.556,0.292,22.5,38.9,23.3,0.179,0.345,0.217,63.6
Crochet, Garrett,676979,CWS,FF,4-Seamer,-4.3,-3,72,84.7,18,0.167,0.167,0.15,40.5,33.3,40,0.148,0.267,0.176,50
Moran, Brian,572383,MIA,FF,4-Seamer,4.7,3,67,60.9,17,0.333,0.667,0.503,37,29.4,29.4,0.201,0.494,0.408,71.4
Mujica, José,620445,COL,FF,4-Seamer,22.3,10,44,58.7,17,0.667,1.2,0.782,0,0,0,0.614,0.98,0.678,60
Burdi, Zack,641420,CWS,FF,4-Seamer,6.4,5,72,42.9,17,0.412,0.824,0.574,28.6,29.4,26.3,0.344,0.746,0.453,75
Tropeano, Nick,607374,PIT,FF,4-Seamer,0.4,0,58,24,17,0.286,0.357,0.356,11.1,17.6,25,0.316,0.449,0.394,45.5
Heller, Ben,621294,NYY,FF,4-Seamer,0.8,0,57,51.4,17,0.308,0.615,0.462,3.4,0,0,0.358,0.562,0.464,38.5
Sánchez, Ricardo,645307,STL,FF,4-Seamer,5.3,3,56,47.9,17,0.385,0.769,0.494,13.8,17.6,21.4,0.321,0.547,0.407,36.4
Gsellman, Robert,607229,NYM,FF,4-Seamer,3.9,2,53,19.1,17,0.429,0.857,0.568,13.6,11.8,13.3,0.316,0.586,0.434,50
Coonrod, Sam,656322,SF,FF,4-Seamer,3.6,3,81,27.3,16,0.308,0.615,0.4,35.9,37.5,19.4,0.17,0.353,0.264,50
Marshall, Evan,605359,CWS,FF,4-Seamer,2.4,2,76,19.8,16,0.4,0.467,0.403,26.3,25,16.7,0.276,0.347,0.3,63.6
Tate, Dillon,622253,BAL,FF,4-Seamer,-4.1,-3,66,23.2,16,0.071,0.071,0.156,23.1,37.5,27.3,0.238,0.309,0.259,22.2
Reid-Foley, Sean,656887,TOR,FF,4-Seamer,-1,-1,84,63.2,16,0.083,0.083,0.231,30.8,25,17.4,0.105,0.129,0.252,37.5
Davis, Austin,656354,PIT,FF,4-Seamer,3.7,2,67,52.8,16,0.357,0.643,0.459,27.6,12.5,8,0.321,0.568,0.42,33.3
Rodón, Carlos,607074,CWS,FF,4-Seamer,3.4,2,68,51.1,16,0.267,0.467,0.334,14.3,12.5,12.5,0.244,0.35,0.283,46.2
Stiever, Jonathan,680692,CWS,FF,4-Seamer,-0.2,0,74,54,16,0.25,0.75,0.481,15,18.8,10.7,0.363,0.822,0.546,88.9
Hamilton, Ian,641656,CWS,FF,4-Seamer,1.3,1,62,74.7,16,0.273,0.273,0.388,30.4,12.5,10.5,0.367,0.493,0.477,44.4
May, Dustin,669160,LAD,FF,4-Seamer,-1.9,-1,48,5.5,16,0.125,0.313,0.238,26.7,31.3,13.5,0.194,0.329,0.222,9.1
Del Pozo, Miguel,600887,PIT,FF,4-Seamer,8.9,5,60,54.5,16,0.545,0.727,0.6,13,0,0,0.577,1.025,0.679,90.9
De Jong, Chase,608328,HOU,FF,4-Seamer,1.5,1,67,46.9,16,0.385,0.615,0.438,10,0,0,0.3,0.546,0.383,14.3
Cortes, Nestor,641482,SEA,FF,4-Seamer,6.4,4,65,39.4,16,0.417,1,0.616,36.4,37.5,50,0.266,0.584,0.439,66.7
Yates, Kirby,489446,SD,FF,4-Seamer,0.1,0,65,64.4,15,0.273,0.273,0.32,41.4,26.7,21.1,0.242,0.29,0.312,12.5
Littell, Zack,641793,MIN,FF,4-Seamer,5.8,4,63,53.8,15,0.615,1.077,0.707,11.8,6.7,5,0.397,0.751,0.513,33.3
Thornton, Trent,663423,TOR,FF,4-Seamer,7.8,4,49,37.4,15,0.636,0.727,0.583,4,13.3,10.5,0.45,0.548,0.469,30
Shoemaker, Matt,533167,TOR,FF,4-Seamer,-2.7,-2,83,18.6,15,0.133,0.133,0.12,29.3,26.7,23.5,0.194,0.342,0.224,45.5
Familia, Jeurys,544727,NYM,FF,4-Seamer,-1.8,-1,65,14.3,15,0.091,0.091,0.247,17.4,26.7,16.7,0.188,0.299,0.339,14.3
Rodríguez, Joely,570257,TEX,FF,4-Seamer,-0.9,-1,66,28.2,15,0.273,0.364,0.368,22.7,20,16.7,0.318,0.687,0.477,44.4
Leone, Dominic,608678,CLE,FF,4-Seamer,6.3,4,63,33,15,0.5,1.167,0.693,8,13.3,11.8,0.475,1.069,0.654,50
Ureña, José,570632,MIA,FF,4-Seamer,-0.3,0,75,18.9,15,0.091,0.091,0.307,31.4,20,15.8,0.18,0.306,0.339,37.5
Burrows, Beau,663366,DET,FF,4-Seamer,11,5,42,38.2,15,0.429,1.143,0.65,5.6,6.7,10,0.371,0.797,0.501,46.2
Verlander, Justin,434378,HOU,FF,4-Seamer,-0.7,0,40,54.8,15,0.214,0.643,0.373,4.3,20,18.8,0.218,0.58,0.351,63.6
Morgan, Adam,605388,PHI,FF,4-Seamer,2.8,1,44,20.1,15,0.385,0.538,0.44,20,26.7,40,0.336,0.708,0.473,88.9
Braymer, Ben,664069,WSH,FF,4-Seamer,4.3,4,82,53.9,14,0.4,0.5,0.482,18.2,14.3,10.5,0.317,0.443,0.43,50
Smith, Drew,622098,NYM,FF,4-Seamer,3.8,2,51,46.8,14,0.231,0.538,0.346,26.1,21.4,23.1,0.284,0.742,0.441,30
Ryan, Kyle,594986,CHC,FF,4-Seamer,0.4,0,45,16.8,14,0.231,0.538,0.346,12,14.3,11.1,0.26,0.381,0.307,18.2
Kickham, Mike,592464,BOS,FF,4-Seamer,5.7,2,41,15.6,14,0.429,0.929,0.568,4.3,7.1,7.7,0.312,0.795,0.452,38.5
Banda, Anthony,607455,TB,FF,4-Seamer,4.6,3,59,42.4,14,0.333,0.889,0.571,15.4,21.4,23.1,0.263,0.62,0.482,50
Goudeau, Ashton,623485,COL,FF,4-Seamer,7.9,4,54,47,14,0.636,1.182,0.707,8.7,0,0,0.399,0.868,0.563,66.7
Jeffress, Jeremy,502026,CHC,FF,4-Seamer,-2,-1,39,11.5,14,0.182,0.182,0.279,5.9,7.1,9.1,0.404,0.675,0.511,50
Walden, Marcus,519393,BOS,FF,4-Seamer,5,2,37,13,14,0.273,0.727,0.536,5.6,7.1,7.7,0.375,0.805,0.535,60
Raley, Brooks,548384,HOU,FF,4-Seamer,-0.8,0,40,11.9,14,0.182,0.727,0.436,27.8,42.9,37.5,0.236,0.779,0.473,40
Clippard, Tyler,461325,MIN,FF,4-Seamer,-3.1,-2,76,18.3,14,0.154,0.154,0.179,45.5,57.1,27.6,0.095,0.108,0.136,0
Taylor, Josh,657031,BOS,FF,4-Seamer,7,4,62,42.5,14,0.333,0.917,0.539,21.4,14.3,13.3,0.352,0.932,0.548,80
Baez, Michel,673258,SD,FF,4-Seamer,4.5,2,55,55.6,14,0.385,0.538,0.421,14.3,21.4,17.6,0.33,0.568,0.402,30
Bailey, Homer,456701,MIN,FF,4-Seamer,-1.6,-1,58,43.6,14,0.182,0.182,0.279,15.4,7.1,6.7,0.257,0.357,0.355,50
Covey, Dylan,592229,BOS,FF,4-Seamer,-1.3,-1,45,20.9,14,0.333,0.417,0.382,5.3,14.3,14.3,0.29,0.438,0.365,70
Bourque, James,630263,WSH,FF,4-Seamer,0,0,52,68.4,14,0.2,0.6,0.432,4.5,0,0,0.359,0.882,0.561,50
Espino, Paolo,502179,WSH,FF,4-Seamer,1.4,1,58,52.7,14,0.417,0.417,0.421,17.2,7.1,6.3,0.48,0.664,0.524,27.3
Stephenson, Robert,596112,CIN,FF,4-Seamer,7.4,4,53,30.1,14,0.385,1.538,0.764,24,14.3,14.3,0.402,1.268,0.674,63.6
Castellanos, Humberto,528748,HOU,FF,4-Seamer,0.9,1,65,31.4,13,0.182,0.455,0.331,36.7,46.2,33.3,0.087,0.217,0.214,20
Kriske, Brooks,621139,NYY,FF,4-Seamer,3.4,3,75,68.8,13,0.286,0.714,0.546,29.4,15.4,8.7,0.328,0.534,0.521,60
Davis, Wade,451584,COL,FF,4-Seamer,7.1,4,56,47.1,13,0.417,1.167,0.654,14.3,15.4,12.5,0.348,0.969,0.55,50
Zimmermann, Bruce,669145,BAL,FF,4-Seamer,-1.7,-1,55,51.4,13,0.182,0.455,0.331,4,7.7,14.3,0.237,0.576,0.399,30
Samardzija, Jeff,502188,SF,FF,4-Seamer,5,3,56,18.8,13,0.5,1.083,0.665,21.4,0,0,0.403,0.86,0.536,41.7
Quijada, José,650671,LAA,FF,4-Seamer,4.7,3,61,68.5,13,0.4,0.7,0.469,39.3,38.5,22.7,0.315,0.67,0.422,33.3
Diehl, Phillip,670426,COL,FF,4-Seamer,2.4,1,61,52.6,13,0.25,0.333,0.288,0,7.7,5.6,0.21,0.282,0.248,36.4
Suárez, Andrew,605498,SF,FF,4-Seamer,-0.9,-1,58,34.1,13,0.2,0.2,0.3,19,15.4,16.7,0.27,0.33,0.36,50
Brach, Brad,542960,NYM,FF,4-Seamer,-1.6,-1,44,17.6,13,0.111,0.444,0.369,45.5,23.1,25,0.047,0.11,0.259,16.7
Edwards Jr., Carl,605218,SEA,FF,4-Seamer,-1.8,-1,36,64.3,13,0.167,0.417,0.273,26.7,23.1,75,0.13,0.182,0.185,55.6
Miller, Tyson,668338,CHC,FF,4-Seamer,3.6,1,38,50,12,0.222,0.667,0.388,0,0,0,0.295,0.706,0.481,40
Rodríguez, Dereck,605446,SF,FF,4-Seamer,7,3,48,52.2,12,0.6,1,0.688,5.3,0,0,0.536,1.135,0.696,40
Misiewicz, Anthony,664948,SEA,FF,4-Seamer,-1.6,-1,79,24.1,12,0.1,0.1,0.192,25.8,25,15.8,0.093,0.109,0.19,28.6
Black, Ray,605143,MIL,FF,4-Seamer,-1.6,-1,40,59.7,12,0.222,0.222,0.325,12.5,16.7,18.2,0.231,0.402,0.379,28.6
Schmidt, Clarke,657376,NYY,FF,4-Seamer,3.9,1,27,21.4,12,0.143,0.143,0.367,8.3,8.3,16.7,0.133,0.179,0.37,33.3
Sparkman, Glenn,642098,KC,FF,4-Seamer,3.6,1,40,44.4,12,0.364,0.455,0.404,5,0,0,0.195,0.463,0.252,25
Kaprielian, James,621076,OAK,FF,4-Seamer,6.1,3,45,63.4,12,0.364,0.909,0.542,27.3,16.7,13.3,0.273,0.769,0.447,55.6
Thompson, Ryan,657044,TB,FF,4-Seamer,-2.5,-1,38,9.1,12,0.167,0.167,0.15,21.7,58.3,25,0.086,0.092,0.08,40
Guerra, Deolis,500610,PHI,FF,4-Seamer,3.8,2,48,36.9,11,0.375,0.75,0.536,31.6,9.1,25,0.384,0.455,0.46,57.1
Davidson, Tucker,656353,ATL,FF,4-Seamer,3.8,2,40,75.5,11,0.375,0.75,0.536,17.6,18.2,25,0.397,0.827,0.565,33.3
Fry, Jace,605240,CWS,FF,4-Seamer,4.7,2,34,10,11,0.375,0.75,0.536,0,0,0,0.376,0.671,0.51,37.5
Bard, Luke,572703,LAA,FF,4-Seamer,-1.2,0,36,45.6,11,0.273,0.909,0.477,6.3,27.3,42.9,0.404,1.053,0.596,75
Soroka, Mike,647336,ATL,FF,4-Seamer,-0.3,0,56,28.1,11,0.4,0.4,0.391,12,9.1,5.3,0.409,0.462,0.416,22.2
Bolaños, Ronald,671790,KC,FF,4-Seamer,10.4,3,29,39.7,11,0.444,0.778,0.61,7.1,9.1,20,0.411,0.834,0.559,62.5
Dobnak, Randy,677976,MIN,FF,4-Seamer,2.7,1,34,4.5,11,0.333,0.333,0.482,6.7,9.1,4.5,0.518,0.658,0.595,60
Quantrill, Cal,615698,CLE,FF,4-Seamer,1.1,0,33,6.5,11,0.273,0.636,0.377,33.3,45.5,29.4,0.185,0.55,0.295,50
Sobotka, Chad,656977,ATL,FF,4-Seamer,-1.3,-1,44,54.3,11,0.222,0.333,0.323,5.3,0,0,0.336,0.694,0.471,55.6
Ohtani, Shohei,660271,LAA,FF,4-Seamer,11.1,4,39,48.8,10,0.5,0.5,0.6,16.7,10,11.1,0.421,0.643,0.602,100
Hart, Kyle,606996,BOS,FF,4-Seamer,6.4,5,73,28.1,10,0.625,1.375,0.81,9.1,20,12.5,0.525,1.324,0.748,66.7
Shafer, Justin,596101,MIA,FF,4-Seamer,3.2,1,44,39.3,10,0.375,1,0.52,5,0,0,0.439,1.046,0.632,55.6
Magill, Matt,543483,SEA,FF,4-Seamer,-1.7,-1,58,32.8,10,0.25,0.25,0.32,5.3,0,0,0.27,0.348,0.354,50
Perdomo, Angel,622780,MIL,FF,4-Seamer,2.8,2,58,68.2,10,0.4,0.8,0.6,36,20,11.8,0.179,0.414,0.471,33.3
Payamps, Joel,606303,ARI,FF,4-Seamer,3.1,1,29,49.2,10,0.286,0.429,0.425,20,10,14.3,0.436,0.883,0.593,83.3
Sborz, Josh,622250,LAD,FF,4-Seamer,-2.2,0,21,47.7,10,0.2,0.6,0.325,18.8,10,20,0.309,0.683,0.414,33.3
Giles, Ken,571704,TOR,FF,4-Seamer,6.7,2,26,37.7,10,0.286,1.143,0.61,50,20,33.3,0.408,1.129,0.65,80
Hughes, Jared,453172,NYM,FF,4-Seamer,7.7,2,32,7.8,10,0.333,1.333,0.69,22.2,10,7.7,0.164,0.623,0.586,50
Evans, Demarcus,663770,TEX,FF,4-Seamer,-1.2,0,36,66.7,10,0.222,0.556,0.36,27.8,30,33.3,0.266,0.603,0.391,50
Cordero, Jimmy,622772,CWS,FF,4-Seamer,5.6,2,39,9.2,10,0.444,0.556,0.465,25,20,16.7,0.289,0.309,0.305,28.6
Cimber, Adam,643256,CLE,FF,4-Seamer,-5.7,-3,50,28.2,10,0,0,0.07,28.6,30,11.5,0.098,0.118,0.154,16.7
Cessa, Luis,570666,NYY,FF,4-Seamer,1.3,1,61,16.9,10,0.25,0.75,0.555,5,0,0,0.382,0.917,0.569,75
Farrell, Luke,608652,TEX,FF,4-Seamer,3.2,1,43,36.1,10,0.286,0.714,0.478,11.1,20,13.3,0.277,0.582,0.432,66.7
García, Edgar,658305,TB,FF,4-Seamer,3.2,1,36,52.9,10,0.286,1.143,0.61,14.3,10,10,0.352,1.06,0.611,83.3