last_name, first_name,player_id,year,ff_avg_speed,ff_avg_spin,ff_avg_break_x,ff_avg_break_z,ff_avg_break,ff_range_speed,
Wainwright, Adam,425794,2021,89,2227,-1.9,-19.8,14.9,1.4,
Greinke, Zack,425844,2021,88.9,2234,-1.3,-18,16.7,1.3,
Santana, Ervin,429722,2021,93.4,2178,-4.5,-17.2,14.9,1.3,
Kazmir, Scott,431148,2021,92.4,2152,11.2,-15.8,19.9,1.3,
Petit, Yusmeiro,433589,2021,87.6,2136,-5,-17.6,18.8,1.2,
Kintzler, Brandon,445213,2021,92.2,1929,-10.2,-18.3,17.4,1.4,
Jansen, Kenley,445276,2021,,,,,,,
Chavez, Jesse,445926,2021,91.1,2068,-11.5,-23,15.2,1.2,
Detwiler, Ross,446321,2021,91.9,2182,10.5,-16,19.7,1.3,
Kluber, Corey,446372,2021,89.9,2263,-5.3,-18.6,16.3,1.3,
Hill, Rich,448179,2021,88.1,2339,9.2,-16.1,21.5,1.4,
Doolittle, Sean,448281,2021,93.1,2261,3.6,-11.6,20.5,1.4,
Guerra, Junior,448855,2021,92.2,2329,-4.5,-13.4,19.5,1.1,
Morton, Charlie,450203,2021,95.5,2340,-13,-17.5,18.2,1.1,
Davis, Wade,451584,2021,92.7,2391,-3.1,-14.1,18,1.3,
Albers, Andrew,452027,2021,88.4,2187,7.5,-16.4,20.3,1.4,
Lester, Jon,452657,2021,88.7,2172,5,-20,15.7,1.3,
Kennedy, Ian,453178,2021,94.1,2427,-10.8,-13.3,20.8,0.9,
Miller, Andrew,453192,2021,87.9,2050,8.3,-22.8,15.2,1.5,
Watson, Tony,453265,2021,92.5,2310,14.3,-21.8,17.7,1.2,
Bard, Daniel,453268,2021,97.5,2727,-9.5,-18.6,13.9,1.4,
LeBlanc, Wade,453281,2021,87.5,1994,7.8,-19.9,17.8,1.6,
Parker, Blake,453284,2021,90.7,2002,-2.7,-17.3,16.1,1,
Scherzer, Max,453286,2021,94.3,2436,-10.6,-14.8,19.3,1.4,
Melancon, Mark,453343,2021,91.7,2249,-8.9,-20,15.6,2.1,
Arrieta, Jake,453562,2021,,,,,,,
Martin, Chris,455119,2021,94.8,2118,-7.6,-16.1,16.3,0.9,
Price, David,456034,2021,92.9,2018,8.9,-18.8,15.8,1.5,
Cueto, Johnny,456501,2021,91.8,2238,-11.7,-17,19.5,1.6,
Guerra, Javy,457915,2021,91.7,2127,-1.8,-13.9,18.7,1.6,
Happ, J.A.,457918,2021,91,2298,7.9,-16.1,18.8,1.2,
Lindblom, Josh,458676,2021,90.3,2593,-5.8,-15.8,18.9,1.4,
Wilson, Justin,458677,2021,93.6,2249,6.4,-12.2,20.3,1.1,
Lynn, Lance,458681,2021,94,2407,-6,-16,16.2,1.5,
Tomlin, Josh,458708,2021,88.9,2311,-5.9,-16.3,19.5,1,
McGee, Jake,459429,2021,94.9,2143,11.5,-15,19.3,1.5,
Clippard, Tyler,461325,2021,89,2256,-5.8,-15.7,19.9,0.9,
Swarzak, Anthony,461872,2021,93,2282,-6.2,-15.2,17.5,1.2,
Soria, Joakim,465657,2021,92.8,2337,-4.9,-14.2,18.6,1.2,
Chacin, Jhoulys,468504,2021,92.5,2240,-4.7,-17.4,15.4,1.5,
Carrasco, Carlos,471911,2021,93.4,2259,-7.1,-16.3,16.6,1.3,
Abad, Fernando,472551,2021,91.7,2112,5.3,-17.5,17.1,4,
Garcia, Luis,472610,2021,98.3,2204,-7.8,-15.8,14.7,1.4,
Anderson, Brett,474463,2021,88.6,1898,7.3,-21.4,15.1,1.5,
Phelps, David,475479,2021,93.6,2373,-9.8,-13.9,20.1,1.1,
Stock, Robert,476594,2021,96.2,2033,-11.4,-16.5,17.5,1.8,
Luetge, Lucas,476595,2021,90.3,2556,1.2,-22.6,10.9,,
Kershaw, Clayton,477132,2021,90.6,2505,-0.5,-14,19.6,1.1,
Buchter, Ryan,488748,2021,90.5,2217,9.5,-15.7,20.3,1.1,
Hunter, Tommy,488984,2021,93.1,2472,-7,-15.3,17.8,1.4,
Miley, Wade,489119,2021,89.9,2239,2.8,-17.1,17,1.4,
Romo, Sergio,489265,2021,85.6,2228,-13.4,-25.5,18,1.3,
Stammen, Craig,489334,2021,91.7,2276,-5.8,-18.2,15.6,1.6,
Valdez, Cesar,491624,2021,85.3,2130,-14.7,-27.7,17.9,1.2,
Ottavino, Adam,493603,2021,95.5,2438,-5.2,-15.7,15.4,1.4,
Guerra, Deolis,500610,2021,90.7,2297,-12,-16.1,21.2,1.1,
Quintana, Jose,500779,2021,91.5,2041,3.6,-16.1,17.1,1.1,
Pineda, Michael,501381,2021,90.6,1946,-6.5,-19,15.9,1.5,
Avilan, Luis,501593,2021,,,,,,,
Alvarez, Jose,501625,2021,91.3,2302,10.6,-17.2,19.1,1.2,
Harris, Will,501789,2021,90.5,2373,-2,-16.1,17.2,1.4,
Smith, Joe,501925,2021,87.4,1995,-16.7,-30.1,17.8,1.1,
Minor, Mike,501985,2021,90.9,2544,1.9,-18.2,15,1.5,
Archer, Chris,502042,2021,92,2120,-5.9,-13.4,20.1,1.5,
Gibson, Kyle,502043,2021,92.8,2292,-5.6,-15.5,17.4,1.2,
Robertson, David,502085,2021,91.8,2626,-8.6,-13.8,20.8,,
Britton, Zack,502154,2021,,,,,,,
Cobb, Alex,502171,2021,93.2,2116,-10.6,-14.7,20,1.2,
Espino, Paolo,502179,2021,89,2216,-3.5,-15.4,19.6,1.2,
Boxberger, Brad,502202,2021,93.5,2383,-6.1,-14.1,18.3,1.2,
Cahill, Trevor,502239,2021,90.4,2232,-9.6,-17.6,18.8,1.4,
Santiago, Hector,502327,2021,90.9,2044,12,-17.8,19.6,1.9,
Miller, Justin,502522,2021,92.8,2296,-3.6,-15.7,16.6,1,
Petricka, Jake,502593,2021,,,,,,,
Anderson, Chase,502624,2021,91.5,2121,-6.2,-15,18.7,1.4,
Holland, Derek,502706,2021,92.8,2296,11.9,-16.7,19.3,1.5,
Peacock, Brad,502748,2021,,,,,,,
O'Day, Darren,503285,2021,85.5,2374,-12.7,-28.1,15.9,1.1,
Peralta, Wily,503449,2021,93.6,1875,-6.9,-15.4,17.2,1.3,
Dolis, Rafael,503569,2021,94.3,2298,-3.9,-10.3,21.2,,
Darvish, Yu,506433,2021,94.5,2514,-6.3,-11.8,20.1,1.4,
Leon, Sandy,506702,2021,,,,,,,
Colome, Alex,517008,2021,93.7,2101,-2.4,-13,18.4,1.1,
Alexander, Scott,518397,2021,,,,,,,
Brasier, Ryan,518489,2021,95.1,2135,-6.3,-14.5,17.1,1,
Bumgarner, Madison,518516,2021,90.4,2312,8.5,-18.2,17.7,1.4,
Cishek, Steve,518553,2021,89.7,2386,-10.3,-23,15.3,1.4,
Diekman, Jake,518617,2021,95.3,2224,14.3,-16.6,19.8,1.3,
Duffy, Danny,518633,2021,93.7,2273,5.2,-11.9,20.1,1.5,
Harvey, Matt,518774,2021,93.4,2157,-12.3,-17,19.2,1.5,
Holland, Greg,518813,2021,92.8,2236,-0.2,-14.2,17.7,1.7,
Jones, Nate,518858,2021,95.5,2407,-6.4,-12.8,18.3,1,
Kelly, Merrill,518876,2021,91.7,2359,-7.2,-16.8,17.4,1.5,
Kimbrel, Craig,518886,2021,96.5,2301,-10.3,-14.8,18,1.2,
McFarland, T.J.,519008,2021,,,,,,,
Moore, Matt,519043,2021,92.4,2279,12.8,-16.9,20.1,1.3,
Nelson, Jimmy,519076,2021,93.8,2613,-2.7,-13.7,17.6,1.3,
Pomeranz, Drew,519141,2021,93.9,2507,2.3,-12.3,19.1,1.1,
Pressly, Ryan,519151,2021,95.4,2561,-1,-12.9,17.3,1.3,
Sale, Chris,519242,2021,93.6,2288,13.2,-19.3,18,2,
Smith, Will,519293,2021,92.8,2240,7.1,-14.5,18.9,1.2,
Strickland, Hunter,519326,2021,94.9,2365,-3.4,-16.5,14.5,1.3,
Workman, Brandon,519443,2021,91.1,2050,-4,-15.3,18.2,1.4,
Zimmermann, Jordan,519455,2021,,,,,,,
Hendriks, Liam,521230,2021,97.7,2395,-6.8,-10.2,19.8,1.2,
Kelly, Joe,523260,2021,97.5,2128,-11.1,-17.7,15.7,1.5,
Perez, Martin,527048,2021,93.4,2107,11,-15.8,19.2,1.4,
Castellanos, Humberto,528748,2021,90.4,2074,-5.8,-21.2,13.7,1.4,
Shoemaker, Matt,533167,2021,91.6,2228,-8.9,-16,18.9,1.5,
Ramirez, Erasmo,541640,2021,93,2181,-7.8,-16.5,17.1,1.3,
Cisnero, Jose,542585,2021,96.7,2415,-10.5,-14.3,18.4,1.3,
Anderson, Tyler,542881,2021,90.6,2294,8.9,-15.1,20.5,1.6,
Andriese, Matt,542882,2021,92,2341,-6.9,-15,18.9,1.2,
Armstrong, Shawn,542888,2021,93.9,2460,-3.6,-14.9,16.8,1.2,
Bass, Anthony,542914,2021,95.4,1976,-5.9,-13.3,17.9,1.1,
Bleier, Richard,542947,2021,90.5,2059,12.5,-22.9,16.4,1.5,
Brach, Brad,542960,2021,93.6,2178,-9,-16.8,17.1,1.1,
Chatwood, Tyler,543022,2021,95.8,2387,-3.8,-14.9,15.6,1.4,
Cole, Gerrit,543037,2021,97.7,2452,-12,-10.9,21.7,1.4,
Conley, Adam,543045,2021,95.7,2340,14.4,-16,20.4,1.3,
Coulombe, Danny,543056,2021,90.4,2246,4.3,-18.2,15.8,1.1,
DeSclafani, Anthony,543101,2021,94.1,2265,-9.6,-14.6,19,1.3,
Eovaldi, Nathan,543135,2021,96.8,2113,-12.2,-14.9,18.9,1.4,
Gray, Sonny,543243,2021,92.3,2423,-1.8,-16.6,15.6,1.2,
Hand, Brad,543272,2021,92.9,2381,11.9,-16.7,19.4,1.2,
Hendricks, Kyle,543294,2021,87.3,1942,-6.9,-20.4,17,1.7,
Hudson, Daniel,543339,2021,97,2313,-10.3,-12.7,19.6,1,
Jackson, Jay,543351,2021,94.8,2284,-7.5,-13.8,18.4,1.1,
Lyles, Jordan,543475,2021,93,2278,-7,-13.6,19.5,1.1,
May, Trevor,543507,2021,96.5,2369,-6.2,-11.6,18.9,1.1,
McHugh, Collin,543521,2021,90.6,2267,-8.4,-16.1,19.5,1.2,
Milone, Tommy,543548,2021,84.2,2106,7.8,-19.3,21,1,
Nolin, Sean,543594,2021,90.7,2087,8.3,-16.7,18.5,1.2,
Odorizzi, Jake,543606,2021,92.2,2113,-11.3,-15.6,20.2,1.1,
Roark, Tanner,543699,2021,90.7,2008,-4.1,-15.4,18.3,1.4,
Shaw, Bryan,543766,2021,94.7,2168,-10.2,-21.4,14,1.5,
Vincent, Nick,543883,2021,89,2366,-3.5,-18,17,1.1,
Weber, Ryan,543901,2021,,,,,,,
Familia, Jeurys,544727,2021,97.2,2381,-10.7,-15.3,17.5,1.4,
Strasburg, Stephen,544931,2021,91.9,2079,-7.5,-16.6,17.7,1.5,
Bauer, Trevor,545333,2021,93.9,2784,-9.9,-11.2,22.6,1.7,
Head, Louis,545343,2021,93.7,2254,-6,-14.4,18,1,
Poteet, Cody,547001,2021,93.6,2422,-7.3,-15.2,17.7,1.5,
Camarena, Daniel,547176,2021,92.9,1689,5,-19.5,13.4,1.3,
Lorenzen, Michael,547179,2021,96.6,2409,-10.1,-13.8,18.5,1.2,
Kim, Kwang Hyun,547942,2021,89.1,2132,0.7,-18.7,15.8,1.5,
Ryu, Hyun Jin,547943,2021,89.9,1944,11.9,-20.9,17.8,1.7,
Chapman, Aroldis,547973,2021,98.3,2373,4.1,-10.4,18.7,1.9,
Raley, Brooks,548384,2021,90.9,2430,7,-18.1,16.8,1.3,
Stripling, Ross,548389,2021,91.9,2178,-4.4,-14.1,19,1.7,
Kittredge, Andrew,552640,2021,94.6,2552,0.3,-17.4,13.3,1.3,
Garcia, Yimi,554340,2021,96,2531,-6.7,-17.2,14.4,1.5,
Wheeler, Zack,554430,2021,97.2,2388,-7.7,-13.1,17.8,1.2,
Matzek, Tyler,554431,2021,96,2435,4.9,-11.7,18.7,1.4,
Rodriguez, Joely,570257,2021,93.9,2059,12.2,-19.6,17,1.1,
Valdez, Phillips,570488,2021,92.7,2249,-13.8,-25.7,15.3,1.5,
Urena, Jose,570632,2021,94.2,2106,-9,-16.9,16.8,1.2,
Robles, Hansel,570663,2021,96.7,2287,-12,-12.9,20.3,1.4,
Cessa, Luis,570666,2021,93.8,2232,-6.4,-15.9,16.7,1.2,
Boyd, Matthew,571510,2021,92,2333,10.7,-17.2,18.7,1.3,
Brothers, Rex,571521,2021,94.5,2107,8.6,-13.7,19.1,1.4,
Corbin, Patrick,571578,2021,92.3,2149,8,-17.1,17.3,1.7,
Farmer, Buck,571656,2021,94,2284,-11.8,-15.4,19.6,1,
Fiers, Mike,571666,2021,87,2290,-9.5,-16.3,22.3,1.5,
Floro, Dylan,571670,2021,93.8,2233,-9.8,-16,18.3,1.3,
Frankoff, Seth,571676,2021,91.3,2411,-8.8,-17.9,17.4,1.1,
Givens, Mychal,571710,2021,94.7,2527,-8.8,-18,15.3,1.7,
Hale, David,571735,2021,92.8,2225,-9.3,-18.5,16.3,1.2,
Heaney, Andrew,571760,2021,92,2443,15.3,-17.4,21.7,1.4,
Hutchison, Drew,571800,2021,92.4,2146,-3.4,-16,16.5,1.4,
Krol, Ian,571871,2021,93.7,2381,8.8,-14.6,18.9,1.1,
Law, Derek,571882,2021,93.7,2128,-4.4,-14.5,17.5,1.6,
Loup, Aaron,571901,2021,,,,,,,
Matz, Steven,571927,2021,,,,,,,
Mikolas, Miles,571945,2021,93.2,2300,-4.1,-17.9,14.3,1.5,
Miller, Shelby,571946,2021,93.5,2363,-7.7,-12.7,20.2,1.1,
Milner, Hoby,571948,2021,,,,,,,
Richards, Garrett,572070,2021,94.3,2468,1.3,-22,9.1,1.4,
Selman, Sam,572125,2021,90.9,2346,4.5,-17.7,16,1.2,
Smith, Burch,572143,2021,93.4,2277,-7,-14.4,18.6,1.6,
Tepera, Ryan,572193,2021,93.3,2243,-7.9,-14.6,18.8,1.1,
Greene, Shane,572888,2021,93.3,2255,-8.2,-17.5,16.1,1.5,
Johnson, Pierce,572955,2021,95.5,2231,-11.2,-13.9,19.8,1.1,
Keuchel, Dallas,572971,2021,89,2207,5.2,-19.8,15.6,1.2,
Mantiply, Joe,573009,2021,91.4,2250,12.6,-20.9,17.5,1.3,
Northcraft, Aaron,573062,2021,89.2,2033,-12.1,-34.2,12.2,1.3,
Rogers, Taylor,573124,2021,,,,,,,
Stroman, Marcus,573186,2021,92.4,2427,-3.8,-19.1,13.6,1.4,
Thielbar, Caleb,573204,2021,91.3,2309,2.7,-13.5,19.6,1.7,
Minaya, Juan,573668,2021,95.2,2236,-10.9,-16.2,17.8,1.1,
Kikuchi, Yusei,579328,2021,95.1,2213,10.2,-14,19.4,1.5,
Adam, Jason,592094,2021,93.8,2605,-7,-14.4,18.3,1.4,
Bedrosian, Cam,592135,2021,92.9,2261,-4,-13,19.3,1.1,
Biddle, Jesse,592145,2021,93,2607,5.5,-16.3,16.4,1.2,
Brice, Austin,592169,2021,92.6,2244,-17.7,-25.6,18.9,1.2,
Claudio, Alex,592222,2021,85.4,1964,15.5,-31.8,16.7,2.4,
Crichton, Stefan,592233,2021,89.9,1855,-10,-23.1,15,1.5,
De Leon, Jose,592254,2021,,,,,,,
Emanuel, Kent,592288,2021,,,,,,,
Foltynewicz, Mike,592314,2021,93.8,2155,-10.5,-15.8,18.7,1.5,
Gausman, Kevin,592332,2021,94.6,2283,-10.4,-14.2,19.5,1.7,
Gonzalez, Chi Chi,592346,2021,91.9,2337,-2.8,-20.6,12,1.3,
Gray, Jon,592351,2021,94.9,2152,-12.9,-19.2,17.1,1.3,
Hembree, Heath,592390,2021,95.3,2452,-9.5,-12.5,20.2,1.4,
Jackson, Luke,592426,2021,95.8,2208,-7.2,-12.3,19.1,1,
Kolarek, Adam,592473,2021,88.7,2137,13.6,-23.3,18,1.4,
Osich, Josh,592612,2021,93.8,2304,5,-20.2,11.8,1.3,
Plutko, Adam,592644,2021,91.6,2250,-4.4,-13.8,19.5,1.1,
Ray, Robbie,592662,2021,94.8,2272,8.2,-13.5,19.1,1.4,
Sampson, Adrian,592716,2021,91.9,2018,-7.3,-17.1,17.1,1.5,
Sanchez, Aaron,592717,2021,90.1,2016,-9.6,-20,16.8,1.6,
Shreve, Chasen,592741,2021,91.6,2316,9.3,-15.5,19.6,1,
Smith, Caleb,592761,2021,91.4,2420,11.5,-14.9,21.5,1.3,
Smyly, Drew,592767,2021,92.1,2088,6.8,-14.1,19.5,1.2,
Stanek, Ryne,592773,2021,97.6,2231,-10.2,-12.4,19.5,1.1,
Taillon, Jameson,592791,2021,93.9,2418,-3.4,-13.2,18.3,1.1,
Velasquez, Vince,592826,2021,93.2,2370,-3.6,-13.2,18.8,1.2,
Wade, Konner,592831,2021,,,,,,,
Walker, Taijuan,592836,2021,94.5,2094,-9.4,-13.5,19.8,1.5,
Wick, Rowan,592858,2021,94.6,2282,-2,-13.3,17.5,1.4,
Williams, Taylor,592865,2021,93.7,2352,-8,-20.3,13.7,1.1,
Williams, Trevor,592866,2021,91.5,2221,-3.9,-19.9,13.4,1.5,
Feliz, Michael,593140,2021,93.8,2179,-3.4,-12.3,19.3,1.3,
Rodriguez, Richard,593144,2021,93.1,2438,-13.4,-16.6,20.3,1.1,
German, Domingo,593334,2021,93.4,2482,-8.9,-15.6,18.3,1.4,
Martinez, Carlos,593372,2021,93.4,2052,-8.8,-19.2,15.1,1.8,
Montas, Frankie,593423,2021,96.4,2398,-7,-12,18.9,1.1,
Neris, Hector,593576,2021,94.1,2349,-9.5,-15,18.8,1.3,
Baldonado, Alberto,593604,2021,93.8,2260,10.4,-15.2,19.2,1.3,
Tapia, Domingo,593619,2021,97.7,2326,-11.3,-13.4,19.1,1.3,
Suero, Wander,593833,2021,91.1,2499,-5.9,-18.3,15.9,1.4,
Rodriguez, Eduardo,593958,2021,92.6,2177,7.3,-17.1,16.5,1.3,
Peralta, Wandy,593974,2021,95.6,2207,10.7,-14.9,18.7,1.2,
Guduan, Reymin,594056,2021,93.8,2302,3.5,-16.5,15.2,1.5,
Gustave, Jandel,594311,2021,96.8,2382,-9.5,-15.7,16.6,1.1,
Mayers, Mike,594577,2021,94.5,2348,-11.4,-14.3,20.2,1.4,
Moll, Sam,594580,2021,,,,,,,
Dayton, Grant,594795,2021,91.5,2186,7.7,-14.8,19.6,1.1,
deGrom, Jacob,594798,2021,99.2,2418,-9.1,-11.4,18.8,1.3,
Gonzales, Marco,594835,2021,88.1,2134,7.8,-17.4,19.5,1.2,
Ponce de Leon, Daniel,594965,2021,93,2281,-8.7,-13.3,20.5,1.6,
Rowen, Ben,594985,2021,88.1,2182,-7.2,-20.3,16.8,1.4,
Ryan, Kyle,594986,2021,88.7,1945,4.1,-23.4,12.5,1.3,
Sadler, Casey,594987,2021,93.4,2396,-4.6,-17.3,14.9,1.5,
Treinen, Blake,595014,2021,97.7,2419,-11.4,-15.5,17.5,1.2,
Eickhoff, Jerad,595191,2021,90,2057,-11.4,-18,19.7,1.1,
Okert, Steven,595345,2021,92.2,2234,9.8,-18.1,17.3,1.3,
Sherriff, Ryan,595411,2021,,,,,,,
Winkler, Dan,595465,2021,94,2551,-7.6,-13.7,19,1.3,
Cole, A.J.,595918,2021,93.8,2322,-7.3,-13.1,19.6,1.5,
Curtiss, John,595928,2021,94.9,2269,-6,-13.3,18.4,1.5,
Ellis, Chris,595939,2021,93.8,2365,-10.7,-13.9,20.6,1.1,
Junis, Jakob,596001,2021,90.8,2244,-5.8,-19.1,15.3,1.6,
Maples, Dillon,596027,2021,95.1,2658,-4.2,-20.1,11.2,1.3,
Morimando, Shawn,596049,2021,91.1,2347,8.7,-17.6,17.9,1.1,
Norris, Daniel,596057,2021,92.7,2392,6.5,-15.4,17.7,1.4,
Peters, Dillon,596071,2021,90.8,2256,3.7,-16.9,16.7,1.1,
Reed, Jake,596082,2021,92.6,2261,-14,-21.3,17.6,1.4,
Stephenson, Robert,596112,2021,96.5,2521,-12.2,-14.1,19.7,1.3,
Weaver, Luke,596133,2021,93.6,2457,-7.4,-13.8,19.2,1.4,
Gomber, Austin,596295,2021,91.6,2028,5.9,-14.6,18.9,1.4,
Barnes, Matt,598264,2021,95.8,2276,-10.9,-12.4,20.7,1.3,
Ramirez, Nick,598286,2021,89.1,2086,10.9,-23.3,15.7,1.5,
Ramirez, Noe,598287,2021,89.1,2210,-8.6,-22.5,14.8,1.2,
Del Pozo, Miguel,600887,2021,,,,,,,
Machado, Andres,600921,2021,94.9,2104,-4.2,-13.2,17.7,1.2,
Pivetta, Nick,601713,2021,94.8,2294,-5.1,-10.8,20.5,1.4,
Barlow, Scott,605130,2021,95.3,2306,-5.3,-15.8,15.3,1.4,
Bassitt, Chris,605135,2021,93.2,2170,-7.7,-16.9,16.6,1.4,
Benjamin, Wes,605138,2021,91.3,2300,8.3,-13.4,21.2,1.5,
Bradley, Archie,605151,2021,94,2128,-8.4,-14.7,18.5,1.4,
Brebbia, John,605154,2021,92.9,2257,-10.1,-14.4,20.2,1.7,
Bundy, Dylan,605164,2021,90.7,2489,-5.2,-13.9,20.3,1.8,
Chafin, Andrew,605177,2021,91.8,2139,8.4,-16.3,18.4,1.5,
Cotton, Jharel,605194,2021,93.2,2297,-7.1,-11.3,21.5,1.4,
Crick, Kyle,605195,2021,92.6,2305,-6.4,-18,15.4,1.1,
Davies, Zach,605200,2021,,,,,,,
Edwards Jr., Carl,605218,2021,94.2,2594,1.1,-15,15.7,1.4,
Fry, Jace,605240,2021,91.5,2325,8.5,-17.6,17.5,1.4,
Fulmer, Michael,605242,2021,95.5,2200,-2.2,-13.7,16.6,1.3,
Hess, David,605276,2021,94,2085,-5,-14.4,17.4,1.3,
Holmes, Clay,605280,2021,96,2343,-4.7,-16.1,14.5,,
Houser, Adrian,605288,2021,94.1,2177,-8.4,-15.4,17.7,1.1,
Kela, Keone,605309,2021,94.7,2336,-6.3,-11.3,20.5,1.2,
Lopez, Jorge,605347,2021,95.3,1977,-9.5,-15.1,18,1.4,
Marshall, Evan,605359,2021,93.1,2442,-11.1,-16.9,18.5,1.3,
Morgan, Adam,605388,2021,93,2300,11.2,-18.4,17.4,1.4,
Musgrove, Joe,605397,2021,93.3,2600,-5,-18.6,14,1.2,
Nola, Aaron,605400,2021,92.9,2198,-13.3,-17.6,19.5,1.4,
Rios, Yacksel,605441,2021,96.9,2053,-8.4,-12.9,18.4,1.3,
Romano, Jordan,605447,2021,97.6,2390,-5.3,-10.7,19.1,1.5,
Ross, Joe,605452,2021,93.6,2128,-5.6,-16.7,15.7,1.4,
Snell, Blake,605483,2021,95.1,2399,5.7,-11.6,19.8,1.3,
Springs, Jeffrey,605488,2021,93.4,2284,10.9,-13.5,21.2,1,
Thompson, Zach,605507,2021,92.2,2407,-2.5,-17.2,15.4,1.4,
Turnbull, Spencer,605513,2021,93.9,2497,-2.8,-18.4,13,1.4,
Warren, Art,605521,2021,95.2,2193,-6.9,-14.3,17.4,1.4,
Wendelken, J.B.,605525,2021,94.3,2400,-2.8,-16.4,14.8,1.4,
Wisler, Matt,605538,2021,91.5,2110,-9.2,-15.1,20,1.2,
Woodruff, Brandon,605540,2021,96.5,2356,-6.3,-12.7,17.9,1.2,
Wright Jr., Mike,605541,2021,91.9,2223,-5.3,-17,16.4,1.8,
Gallegos, Giovanny,606149,2021,94.4,2350,-9.1,-13.3,19.9,1.1,
Montero, Rafael,606160,2021,95.7,2261,-9,-15.6,17,1.3,
Payamps, Joel,606303,2021,94.8,2433,-9.1,-14,18.8,1.3,
Garcia, Jarlin,606424,2021,93.1,2215,15.6,-18.6,20.4,1.2,
Barnes, Jacob,606930,2021,94.8,2396,-2.7,-11.9,19,1.5,
Devenski, Chris,606965,2021,91.4,2227,-11.1,-17.4,19.2,1.3,
Rodon, Carlos,607074,2021,95.4,2293,7.9,-12.6,19.4,2.4,
Weems, Jordan,607179,2021,94.7,2170,-7.5,-12.1,20.1,1.5,
Faria, Jake,607188,2021,92.3,2105,-4.3,-13.8,19,1,
Glasnow, Tyler,607192,2021,97,2424,-1.8,-11.9,17.5,1.5,
Fedde, Erick,607200,2021,93.2,1850,-3.5,-22.4,9.6,1.2,
Krehbiel, Joey,607216,2021,95.7,2221,-10.8,-14.5,19.2,1.3,
Romano, Sal,607219,2021,93.9,2036,-10.4,-20.7,15,1.4,
Gsellman, Robert,607229,2021,94.4,1973,-11.2,-20,15.6,1.5,
Gant, John,607231,2021,92,2442,-11.9,-16.5,20.1,2.5,
Garrett, Amir,607237,2021,94.8,2246,9.4,-15.5,17.8,1.3,
Patton, Spencer,607359,2021,93.4,2036,-9.6,-15.7,18.5,1,
Tropeano, Nick,607374,2021,90.6,2229,-12.3,-17.3,20.3,1.3,
Mazza, Chris,607391,2021,90,2053,-11.3,-21.7,16.8,1.5,
Banda, Anthony,607455,2021,94.1,2109,11.3,-15.2,19.4,1.2,
Barraclough, Kyle,607457,2021,93.1,2370,-7.9,-16.3,17.3,1,
Bummer, Aaron,607481,2021,,,,,,,
Freeland, Kyle,607536,2021,91.4,2398,6.2,-19.6,14.4,1.5,
Harper, Ryne,607560,2021,86.5,1822,-0.1,-25.4,11.1,1.3,
Howard, Sam,607572,2021,93.4,2370,9.8,-13.5,20.5,1.2,
Lugo, Seth,607625,2021,94.2,2228,-7.6,-13.7,18.9,1.6,
Means, John,607644,2021,92.8,2399,6.7,-11.9,21.3,1.2,
Estevez, Carlos,608032,2021,97.1,2163,-8.5,-14.5,16.8,1.4,
De Jong, Chase,608328,2021,92.9,2435,-2.7,-13.2,18.7,1.1,
Fried, Max,608331,2021,94,2114,1.4,-18.1,13.1,1.8,
Fulmer, Carson,608334,2021,93.2,2278,-7.2,-15.4,17.8,1.2,
Funkhouser, Kyle,608335,2021,95.8,2161,-7.3,-14.7,16.9,1.3,
Giolito, Lucas,608337,2021,93.8,2345,-6.7,-12,20.3,1.3,
Irvin, Cole,608344,2021,90.8,1957,8.2,-16.6,18.6,1.7,
Knebel, Corey,608349,2021,96.3,2403,-5.6,-12.8,17.8,1,
Sims, Lucas,608371,2021,95.1,2581,-8.5,-12.2,20.1,1.1,
Wacha, Michael,608379,2021,93.8,2091,-6.8,-12.6,20,1.6,
Marquez, German,608566,2021,94.8,2078,-6,-18.6,13.2,1.5,
Chargois, JT,608638,2021,95.6,2260,-11,-18.4,16.3,1.4,
Duffey, Tyler,608648,2021,92.5,2272,-5.6,-15.8,17.2,1.3,
Enns, Dietrich,608650,2021,94.2,2246,5.4,-13.5,18.4,1.3,
Farrell, Luke,608652,2021,91.3,2379,-3.6,-14.2,19,1.5,
Graveman, Kendall,608665,2021,96.3,2315,-7.8,-13.4,18,1.2,
Leone, Dominic,608678,2021,95.5,2225,-6,-14.5,16.6,1.1,
Steckenrider, Drew,608716,2021,94,2362,-8.7,-12.4,20.8,1.5,
Stratton, Chris,608717,2021,93,2610,-4.6,-15.8,16.5,1.1,
Suter, Brent,608718,2021,87.3,2163,-3.6,-23.9,12.5,1.5,
Voth, Austin,608723,2021,94.2,2358,-5.2,-13.6,18.2,1.1,
Castro, Miguel,612434,2021,,,,,,,
Adams, Austin,613534,2021,94.1,2571,-8.7,-21.9,13.1,1.1,
Ruiz, Jose,614179,2021,97,2329,-6.4,-11.4,18.9,1.3,
Quantrill, Cal,615698,2021,94.4,2163,-8.5,-14.5,18.2,1,
Sawamura, Hirokazu,617228,2021,96,2115,-8.3,-13.2,18.5,1.1,
Aguilar, Miguel,620396,2021,91.4,2163,4.8,-17.1,16.5,1.1,
Reyes, Alex,621052,2021,96.6,2385,-5.2,-11.8,18.3,1.2,
Garza, Justin,621057,2021,94.1,2254,-3,-14.6,16.5,1.5,
Rucker, Michael,621074,2021,95.1,2246,-8.2,-14.7,17.9,1.1,
Kaprielian, James,621076,2021,93,2035,-8.5,-16.3,17.6,1.2,
Hanhold, Eric,621098,2021,94.9,2287,-6.7,-14,18,1.2,
Eflin, Zach,621107,2021,93.1,2149,-10.2,-17.6,17.4,1.3,
Buehler, Walker,621111,2021,95.3,2472,-3,-12,18.4,1.2,
Blackburn, Paul,621112,2021,90.8,2134,-5,-16.5,17.4,1.2,
Burr, Ryan,621114,2021,94.7,2001,-1.4,-14.7,15.8,1,
McCullers Jr., Lance,621121,2021,,,,,,,
Cody, Kyle,621129,2021,95.1,2059,-7.1,-14.5,17.5,1.3,
Kriske, Brooks,621139,2021,95.3,2208,-5.1,-11.5,19.4,1.3,
Mills, Alec,621219,2021,88.7,2167,-9.3,-20.7,17,1.3,
Alvarado, Jose,621237,2021,98.3,2126,8.1,-13,17.5,1.6,
Diaz, Edwin,621242,2021,98.8,2287,-14.8,-16.6,18.8,1.3,
Berrios, Jose,621244,2021,94.1,2231,-9.9,-16.5,17.7,1.2,
Garza Jr., Ralph,621248,2021,92.2,2195,-7.1,-16.7,17.1,1.2,
Underwood Jr., Duane,621249,2021,94.1,2169,-8.4,-15.4,17.7,1.4,
Oswalt, Corey,621261,2021,92.2,2243,-7.5,-16.1,18,1.2,
Wittgren, Nick,621295,2021,92.5,2056,-8.4,-16.9,17.4,1.1,
Minter, A.J.,621345,2021,96.1,2349,6.3,-13,17.9,1,
Clay, Sam,621348,2021,,,,,,,
Borucki, Ryan,621366,2021,,,,,,,
Hearn, Taylor,621368,2021,95.1,2271,6.3,-13.6,18,1.6,
Strahm, Matt,621381,2021,93.1,2282,12.8,-18.3,18.5,1.1,
Castro, Anthony,621593,2021,95.2,2486,-3.2,-17.5,13.1,1.6,
Young, Alex,622065,2021,91.3,2257,8.4,-18.1,17.1,1.4,
Wood, Alex,622072,2021,,,,,,,
Almonte, Yency,622075,2021,94.2,2094,-7.1,-19.4,13.5,1.2,
Antone, Tejay,622088,2021,,,,,,,
Zimmer, Kyle,622092,2021,94.1,2250,0.4,-15.5,15.4,1.1,
Smith, Drew,622098,2021,95,2430,-6.5,-13.2,18.5,1.1,
Sborz, Josh,622250,2021,96.7,2340,-6.7,-10.2,20.3,1.1,
Staumont, Josh,622251,2021,96.5,2260,-3,-11,18.8,1.7,
Tate, Dillon,622253,2021,95.1,2000,-11.3,-20.5,15.8,1.5,
Rodriguez, Jefry,622446,2021,94.7,2362,-7,-13.4,18.6,1.5,
Castillo, Luis,622491,2021,97.1,2325,-11.3,-16.2,17.2,1.3,
Crismatt, Nabil,622503,2021,90.1,2137,-6.9,-20.2,15.2,1.6,
Senzatela, Antonio,622608,2021,94.6,2096,-4.9,-19.3,12.2,1.7,
Hernandez, Elieser,622694,2021,90.9,2129,-5.3,-15.8,18.3,1.3,
Diaz, Miguel,622766,2021,94.4,2188,-12.9,-15.7,19.9,1.3,
Perdomo, Angel,622780,2021,94.3,2487,4.9,-13.4,18.2,1.4,
Sewald, Paul,623149,2021,92.3,2444,-12.5,-18.5,18.6,1.1,
Flexen, Chris,623167,2021,92.8,2107,-2,-13.5,18.6,1.4,
Hader, Josh,623352,2021,96.3,2121,3.5,-9.4,20.3,1.4,
Wieck, Brad,623364,2021,92.6,2297,4.1,-13.1,19.3,1.2,
Anderson, Drew,623454,2021,92.5,2128,-6.4,-13.8,19.4,1.5,
Phillips, Evan,623465,2021,95.4,2222,-8,-15.8,16.6,1.2,
Herget, Jimmy,623474,2021,91.8,2234,-15.5,-22.8,18.5,1.3,
Goudeau, Ashton,623485,2021,92.7,2058,-6.5,-15.5,17.7,1.3,
Suarez, Ranger,624133,2021,93.7,1932,7.4,-19,14.3,1.2,
Thompson, Keegan,624522,2021,93.9,2368,-6,-15.6,16.7,1.8,
Hoyt, James,624586,2021,92.3,2194,-8.9,-18.4,16.6,1.4,
Gonzalez, Victor,624647,2021,,,,,,,
Lopez, Reynaldo,625643,2021,95.8,2225,-7.9,-12.9,18.8,1.4,
Thorpe, Lewis,626929,2021,89.1,1957,7.9,-17.4,19,1.7,
Maeda, Kenta,628317,2021,90.6,2264,-7.8,-17.5,17.8,1.5,
Nunez, Darien,628345,2021,94.1,2307,6.7,-13.8,18.4,1.6,
Iglesias, Raisel,628452,2021,96.3,2351,-9.8,-13.3,19.1,1.3,
Urias, Julio,628711,2021,94.1,2499,3.7,-13.4,17.8,1.3,
Crowe, Wil,640444,2021,93.7,2407,-3.1,-14.5,17,1.3,
Finnegan, Kyle,640448,2021,,,,,,,
Harvey, Hunter,640451,2021,97,2072,-6.1,-11.1,19.1,1.3,
Manaea, Sean,640455,2021,,,,,,,
Puk, A.J.,640462,2021,95.4,2214,8.5,-16.4,16.8,1.8,
Stewart, Kohl,640464,2021,91.6,2086,-4,-19,14.1,1.5,
Alzolay, Adbert,640470,2021,94,2295,-7.8,-14.2,18.7,1.5,
Lopez, Pablo,641154,2021,94.1,2121,-7,-17.2,15.5,1.2,
Alexander, Tyler,641302,2021,90.5,2189,6.9,-16.9,18.1,1.2,
Anderson, Shaun,641312,2021,93.2,2528,0.5,-17.9,13.7,1.5,
Bickford, Phil,641360,2021,93.9,2344,-4,-14.4,17.3,1.1,
Bowden, Ben,641386,2021,92.4,2409,10.5,-14.9,20.1,1.3,
Brentz, Jake,641394,2021,96.9,2248,9.5,-14.6,17.5,1.4,
Brogdon, Connor,641401,2021,96,2288,-10.4,-13.2,19.7,1.2,
Burdi, Zack,641420,2021,95.8,2578,-7.3,-15.1,16.6,1.2,
Castano, Daniel,641447,2021,90.5,2213,5.9,-21.1,13.9,2,
Cortes Jr., Nestor,641482,2021,90.7,2223,5.6,-14.7,19.6,1.5,
Dunning, Dane,641540,2021,89.7,2027,-6.8,-26.8,9.8,1.4,
Duplantier, Jon,641541,2021,91.2,2209,-8.1,-15.9,19.1,1.3,
Foster, Matt,641582,2021,93.6,2298,-6.6,-12.6,20,1.1,
Greene, Conner,641632,2021,96,2336,-12.7,-14.2,20.3,1.6,
Hatch, Thomas,641672,2021,93.9,2496,-8.5,-13.8,19.3,1.3,
Hendrix, Ryan,641682,2021,96.4,2225,-7.4,-14.6,16.6,1.3,
Hudson, Dakota,641712,2021,91.6,2020,-5,-23.5,11,1.4,
Jefferies, Daulton,641726,2021,93.2,2026,-10,-16.2,18.2,1.2,
Jimenez, Joe,641729,2021,94.7,2494,-8.5,-12.7,19.9,1.3,
Kay, Anthony,641743,2021,94.5,2383,5.8,-15.3,16.5,1.4,
Keller, Brad,641745,2021,94.2,2322,1,-16.7,14.2,1.5,
Kinley, Tyler,641755,2021,95.9,2376,-3.9,-13.1,17.1,1.3,
Kuhl, Chad,641771,2021,94.2,2108,-10.1,-16.9,17.4,1.6,
Lauer, Eric,641778,2021,92.6,2256,10.3,-14.9,20,1.3,
Littell, Zack,641793,2021,94.9,2062,-6.5,-13,18.6,1.2,
Mahle, Tyler,641816,2021,94,2336,-12.1,-13.8,21,1.6,
Mayza, Tim,641835,2021,92.2,2025,9.3,-16.6,18.1,1.4,
McGowin, Kyle,641851,2021,91.2,2344,-7.6,-15.5,19.3,1.3,
Middleton, Keynan,641871,2021,95.4,2379,-7.6,-12.6,19.3,1.4,
Murphy, Patrick,641907,2021,96.7,2157,-5.6,-13.3,17,1.2,
Ober, Bailey,641927,2021,92.3,2177,-6.4,-16.2,17.2,1.2,
Pagan, Emilio,641941,2021,94.9,2520,-5.8,-12.1,19.3,1.1,
Reed, Cody,642003,2021,92,2248,13.5,-18,20,1.5,
Rogers, Josh,642028,2021,90.5,2078,11.4,-17.8,19.5,1.3,
Saucedo, Tayler,642048,2021,93.6,2476,8.3,-16.6,17.1,1.3,
Sheffield, Jordan,642068,2021,96.4,2590,-7.3,-12.7,18.3,1.2,
Sherfy, James,642073,2021,94.1,2261,-5.4,-15.1,16.8,1.6,
Slegers, Aaron,642083,2021,91.8,2011,-6.3,-18.1,15.7,1.2,
Smith, Riley,642092,2021,92.6,2262,-5.9,-19.4,14,1.5,
Speier, Gabe,642100,2021,93.9,2115,9.4,-18.3,15.8,1.4,
Sulser, Cole,642121,2021,93.2,2290,-8.4,-13.3,20.3,1.1,
Taylor, Blake,642130,2021,93.1,2319,-2.9,-15.8,16.1,1.5,
Trivino, Lou,642152,2021,95.7,2006,-8.2,-15.2,17,1.1,
Widener, Taylor,642203,2021,92.6,2143,-5.8,-16.7,16.5,1.8,
Williams, Devin,642207,2021,95.3,2250,-12.9,-15.2,19.9,1.2,
Yarbrough, Ryan,642232,2021,84.3,1999,8.9,-32,11.1,1.4,
Yardley, Eric,642233,2021,,,,,,,
Soto, Gregory,642397,2021,98.3,2350,8.8,-13.9,17.1,1.4,
Loaisiga, Jonathan,642528,2021,97.8,2433,-8.7,-11.7,19.2,1.4,
Barria, Jaime,642545,2021,93.2,2306,-4.4,-14.9,17.3,1.2,
Peralta, Freddy,642547,2021,93.4,2370,-7,-14.9,18.1,1.7,
Santana, Dennis,642701,2021,96,2394,-11.6,-15,18.9,1.2,
Acevedo, Domingo,642758,2021,92.9,2065,-12.2,-16.6,19.5,1.3,
Fernandez, Julian,642759,2021,99,2420,-7.1,-13.9,15.7,1.6,
Brault, Steven,643230,2021,90.7,2068,11.2,-20.8,16.9,1.1,
Cimber, Adam,643256,2021,87,2192,-11.8,-31.9,12.9,1.2,
Dunn, Justin,643290,2021,93.7,2357,-9.6,-12.5,21.1,1.1,
Fry, Paul,643316,2021,92.8,2329,5.8,-18.9,14.2,1.2,
Green, Chad,643338,2021,95.7,2501,-4.5,-10.7,19.9,1,
Jax, Griffin,643377,2021,92.6,2307,-12.1,-15.8,20.2,1,
Knight, Dusten,643400,2021,90.7,2056,-2.4,-15,18.6,1.2,
Pruitt, Austin,643493,2021,91.9,2288,-1.7,-18.4,14.2,1.1,
Rogers, Tyler,643511,2021,82.7,1853,-1.1,-54.1,13.7,1.2,
Zeuch, T.J.,643615,2021,91.3,2246,-8.2,-16.6,17.9,,
Webb, Tyler,643778,2021,90.6,2129,2.3,-15.6,18,1.1,
Alcantara, Sandy,645261,2021,98.1,2239,-10.6,-14.8,17.5,1.4,
Diaz, Jhonathan,646242,2021,89.9,1979,3.5,-19.4,15,1.5,
Pop, Zach,647315,2021,94.2,2066,-4.3,-21.7,10.1,1.4,
Wells, Alexander,649144,2021,88.5,2147,7.9,-16.7,20.1,1.6,
Madero, Luis,650347,2021,89.6,2274,-9.2,-23.7,14.3,1.5,
Hernandez, Darwinzon,650382,2021,94.8,2319,4.8,-17.2,14.2,1.2,
Mejia, J.C.,650496,2021,93,2201,-7.4,-22.2,12.1,1.4,
Garcia, Bryan,650530,2021,93.2,2047,-6.9,-14.8,18.1,1.5,
Abreu, Bryan,650556,2021,95.7,2215,-8,-13,19,1.6,
King, Michael,650633,2021,95.2,2383,-9.7,-14.1,19.1,1.5,
Civale, Aaron,650644,2021,91.4,2327,-3.4,-15.1,17.8,1.1,
Mejia, Humberto,650668,2021,92,2168,-8.3,-15,19.4,1.4,
Quijada, Jose,650671,2021,93.6,2262,6.6,-15.9,16.8,1.4,
Santana, Edgar,650828,2021,93.2,2090,-8.8,-25.5,10.5,1.4,
Cabrera, Genesis,650893,2021,97.6,2296,7.6,-10.5,19.9,1.3,
Castillo, Diego,650895,2021,95.4,1950,-12.6,-19.6,16.5,1.4,
Sanchez, Cristopher,650911,2021,,,,,,,
Diplan, Marcos,650959,2021,93.7,2246,-0.8,-14,17.4,1.4,
Rodriguez, Manuel,655889,2021,97,2304,-3.6,-15.2,14.3,1.3,
Abreu, Albert,656061,2021,97.8,2132,-11.7,-13.3,19.5,1.3,
Barnes, Charlie,656212,2021,,,,,,,
Bielak, Brandon,656232,2021,94,2421,-5.2,-15.8,16.2,1.3,
Bukauskas, J.B.,656266,2021,94.5,2308,-12.3,-19.4,16.9,1.2,
Canning, Griffin,656288,2021,93.5,2265,-9.3,-12.5,21.1,1.2,
Cease, Dylan,656302,2021,96.7,2543,-4.4,-10.5,19.4,1.5,
Coonrod, Sam,656322,2021,98.5,2282,-9.7,-12.3,18.8,1.3,
Davidson, Tucker,656353,2021,93,2026,2.1,-14.9,16.8,1.6,
Davis, Austin,656354,2021,93.6,2163,9.1,-16.7,17.3,1.3,
Feyereisen, J.P.,656420,2021,93.1,2491,-5.4,-10.9,21.7,1.1,
Flaherty, Jack,656427,2021,93.6,2246,-4,-15.8,16,1.9,
Gilbert, Tyler,656457,2021,89.7,2167,8.2,-18.2,17.9,1.4,
Gilbreath, Lucas,656458,2021,93.3,2424,0.2,-16.1,15.3,1.6,
Ginkel, Kevin,656464,2021,94.7,2387,-10.6,-14.9,19.1,1.3,
Hentges, Sam,656529,2021,94.6,2158,6.3,-15.6,16.3,1.6,
Hoffman, Jeff,656546,2021,94.3,2467,-10.4,-12.6,21.2,1.7,
Holloway, Jordan,656548,2021,95.4,2184,-2.7,-12.8,17.6,1.5,
Houck, Tanner,656557,2021,94.5,2099,-6.3,-22.7,10.2,1.2,
Jackson, Andre,656578,2021,92.3,2225,-9.1,-15,19.4,1.5,
Keller, Mitch,656605,2021,93.8,2354,-6.6,-15.3,17.1,1.6,
Klobosits, Gabe,656620,2021,94.7,2183,-6.9,-13.7,18.2,1.1,
Kopech, Michael,656629,2021,97.3,2585,-9.8,-10.5,21.1,1.7,
Lange, Alex,656638,2021,96.4,2343,-10.5,-13.7,19.2,1.1,
Martin, Brett,656685,2021,93.6,2195,5.8,-16.1,16.3,1.1,
Martin, Corbin,656686,2021,94.1,2348,-6.4,-14.3,18,1.4,
Megill, Trevor,656730,2021,96.3,2426,-4.7,-13,17.2,1.3,
Megill, Tylor,656731,2021,94.6,2153,-9.4,-14.4,18.9,1.4,
Montgomery, Jordan,656756,2021,92.6,2284,7.4,-15.3,18.3,1.1,
Nelson, Nick,656793,2021,96.4,2070,-7.9,-11.9,19.5,1.2,
Newcomb, Sean,656794,2021,95.6,2295,5.1,-13.7,17.1,1.3,
Overton, Connor,656818,2021,92.4,2239,-10,-15.2,19.8,1.2,
Peterson, David,656849,2021,92.7,2069,10.3,-17,18.3,1.6,
Rasmussen, Drew,656876,2021,97.1,2437,-4.4,-11.6,18.2,1.4,
Reid-Foley, Sean,656887,2021,93.7,2139,-5,-13.8,18.3,1.3,
Scott, Tanner,656945,2021,96.8,2582,4.4,-13.7,16.3,1.2,
Sheffield, Justus,656954,2021,93.5,2057,6.6,-19.6,13.5,1.4,
Solomon, Peter,656981,2021,92.1,2178,-7.9,-13.9,20.2,1.6,
Steele, Justin,657006,2021,93.2,2494,2.1,-16,15.7,1.7,
Swanson, Erik,657024,2021,94.7,2303,-8.5,-11.6,20.9,1.1,
Taylor, Josh,657031,2021,94.6,2247,3.7,-14.6,16.5,1.3,
Thompson, Ryan,657044,2021,92.7,2230,-15.5,-24.6,17.4,1.4,
Toussaint, Touki,657053,2021,93.7,2179,-5.3,-18,14.2,1.5,
Watkins, Spenser,657093,2021,90.8,2238,-0.3,-15.4,18,1.3,
Webb, Jacob,657097,2021,94.1,2415,-12.2,-14.6,20.4,0.9,
Wright, Kyle,657140,2021,93.6,2383,-8.7,-18.1,15.9,1.3,
Yamamoto, Jordan,657141,2021,91.2,2311,-5.9,-14.3,19.8,1.4,
Jewell, Jake,657228,2021,94.6,2082,-6.3,-16.8,15.3,1.3,
Merryweather, Julian,657240,2021,97.5,2262,-7.7,-11.4,19.2,1.3,
Otto Jr., Glenn,657248,2021,92.6,2186,-6.5,-16.1,17.1,1.3,
Webb, Logan,657277,2021,93.2,2133,-8.5,-20.4,14.1,1.1,
Schmidt, Clarke,657376,2021,93.1,2461,-4.1,-17.2,14.9,1.5,
Baumann, Mike,657508,2021,93.6,2093,-3.3,-13.3,18.5,1.3,
Hill, Tim,657612,2021,92,2255,18.9,-28.3,19.5,1.1,
Ryan, Joe,657746,2021,91.2,2175,-10.9,-18.3,18.3,1.6,
Garcia, Edgar,658305,2021,93.7,2081,-4.6,-15.1,16.8,1.3,
Medina, Adonis,658431,2021,92.6,2325,-6.2,-18.1,15.4,1.2,
Fernandez, Junior,658551,2021,99.4,2170,-6,-11.5,17.3,1.4,
Lamet, Dinelson,659275,2021,95.5,2430,-5.2,-13.6,17.4,1.4,
Ohtani, Shohei,660271,2021,95.6,2217,-3.8,-14.7,16,2.5,
Yang, Hyeon-Jong,660365,2021,89.9,2168,1.6,-16.1,17.9,1.5,
Diaz, Yennsy,660546,2021,95.4,1996,-8.1,-15.7,16.8,1.4,
Paredes, Enoli,660600,2021,95.3,2390,-0.5,-15.1,15.2,1.6,
Ynoa, Huascar,660623,2021,96.5,2146,-7.7,-12.6,18.6,1.6,
Suarez, Jose,660761,2021,92.9,2191,9.1,-16.9,17.5,1.3,
Graterol, Brusdar,660813,2021,99.5,2115,-7.7,-14.8,14.9,1.4,
De Los Santos, Enyel,660853,2021,94.8,2194,-13.1,-17,18.9,1.3,
Alcala, Jorge,660896,2021,97.4,2346,-10.8,-12.9,19.5,1.7,
Perez, Francisco,660906,2021,93,2214,7.3,-12.8,20.1,1.4,
Lopez, Yoan,661255,2021,95.7,2204,-5.2,-13.6,17.2,1.3,
Gutierrez, Vladimir,661269,2021,93.2,2167,-10.3,-16.6,18.2,1.3,
Ortega, Oliver,661383,2021,96.5,2327,-4,-13.8,16.2,1.2,
Clase, Emmanuel,661403,2021,100.6,2546,-4.2,-13.8,13.9,1.4,
Llovera, Mauricio,661440,2021,94.5,1979,-7.2,-17.3,15.3,1.3,
Gil, Luis,661563,2021,96.1,2445,-4.5,-11.9,18.5,1.4,
Burrows, Beau,663366,2021,93.1,2194,-6.8,-13.3,19.6,1.4,
Feltner, Ryan,663372,2021,92.4,2246,-5.3,-19.3,14,1.4,
Waddell, Brandon,663399,2021,92.5,2355,3.2,-15.5,16.8,0.9,
Thornton, Trent,663423,2021,93.9,2331,-3.2,-14,17.4,1.7,
Rainey, Tanner,663432,2021,96.3,2400,-8.4,-11.5,20,1.6,
Bubic, Kris,663460,2021,90.9,2073,6.2,-17.7,16.8,1.8,
Allard, Kolby,663465,2021,91.5,2121,7.9,-15.7,18.8,1.1,
McKenzie, Triston,663474,2021,92.1,2256,-3.4,-12.5,20.2,1.5,
Allen, Logan,663531,2021,92.7,1994,6.9,-16.3,17,1.3,
Mize, Casey,663554,2021,93.9,2151,-9.1,-15.3,18.4,1.6,
McClanahan, Shane,663556,2021,96.4,2256,10.5,-13.3,19.5,2,
Moran, Jovani,663558,2021,92.5,2150,2.7,-16,16.3,1.6,
Falter, Bailey,663559,2021,91.8,1769,7.4,-14.8,19.1,1.1,
Lambert, Peter,663567,2021,93.6,2179,-5.1,-17,14.8,1.3,
Santillan, Tony,663574,2021,95,2105,-10.5,-15.8,17.9,1.5,
Neidert, Nick,663734,2021,91.7,2071,-14,-20.6,18.6,1.4,
Lynch, Daniel,663738,2021,93.8,2112,7.3,-15.8,17,1.5,
Knehr, Reiss,663753,2021,93.5,2395,-6.2,-15.4,17.1,1.3,
Woodford, Jake,663765,2021,92.1,2217,-4.7,-17.7,15.4,1.5,
Evans, Demarcus,663770,2021,91,2467,-1.9,-10.9,22.5,1.8,
Sandoval, Patrick,663776,2021,93.2,2080,2.8,-15,16.8,1.6,
Kowar, Jackson,663804,2021,95.6,2193,-12.5,-15,19.6,1.1,
Hicks, Jordan,663855,2021,100.5,2041,-7.3,-9.5,19.1,1.5,
Pearson, Nate,663878,2021,97.8,2201,-7.7,-11.1,19.4,1.8,
Singer, Brady,663903,2021,92.8,2264,-7.3,-18.1,15.6,1.4,
Paddack, Chris,663978,2021,94.8,2210,-9.5,-13.1,20,1.5,
Stephan, Trevor,663986,2021,96.2,2378,-9,-15,17.2,1.5,
Lovelady, Richard,663992,2021,93.1,2491,6.3,-17.6,15.3,1.2,
Lakins Sr., Travis,664042,2021,93.4,2237,-4.6,-15.6,16.5,1.3,
Eshelman, Thomas,664045,2021,85.7,1821,-3.5,-25.3,12.5,1.4,
Stashak, Cody,664054,2021,90.6,2210,-5.6,-13,21.2,1,
Gonsolin, Tony,664062,2021,93.8,2379,-6.8,-13.4,19.1,1.5,
Ponce, Cody,664074,2021,93.2,2257,-8.3,-16,17.6,1.3,
Cleavinger, Garrett,664076,2021,95.8,2290,7.1,-16,15.6,1.4,
Poppen, Sean,664092,2021,,,,,,,
Effross, Scott,664123,2021,90.7,2269,-16.8,-29.1,17.5,1.2,
Fairbanks, Pete,664126,2021,97.1,2397,1.2,-11.1,18.3,1.5,
Hartlieb, Geoff,664129,2021,93.7,2370,-5.5,-23.7,9.3,1.5,
Gibaut, Ian,664139,2021,94.9,2228,-5.7,-12.8,18.6,1.3,
Brubaker, JT,664141,2021,92.9,2178,-8.7,-15.8,18.2,1.3,
Bergen, Travis,664157,2021,92.3,2341,13.3,-16,21.1,1.1,
Lucchesi, Joey,664192,2021,,,,,,,
Clarke, Taylor,664199,2021,95.5,2203,-6.1,-12.6,18.6,0.9,
Maton III, Phil,664208,2021,91.5,2487,0.8,-19.1,13.5,1.1,
Valdez, Framber,664285,2021,92.1,2183,5,-22,11.5,1.5,
Javier, Cristian,664299,2021,93.5,2341,-7.9,-13.4,19.8,1.4,
Yajure, Miguel,664337,2021,90.5,2375,-4.8,-15.9,18.3,1.3,
Urquidy, Jose,664353,2021,92.5,2213,-7.8,-12.7,21,1.7,
Meisinger, Ryan,664682,2021,91.7,2237,-5.3,-14.6,18.8,1.3,
Newsome, Ljay,664714,2021,92.6,2036,-8.2,-16.1,17.9,1.4,
Cousins, Jake,664776,2021,95.5,2176,-10.4,-17.1,16.5,1.5,
Helsley, Ryan,664854,2021,97.4,2525,-3.6,-11.8,17.6,1.7,
Lawrence, Justin,664875,2021,,,,,,,
Keller, Kyle,664918,2021,94.5,2308,-7.2,-13.2,18.9,1.4,
Misiewicz, Anthony,664948,2021,94.3,2216,8.6,-14.7,18.3,1.1,
Kremer, Dean,665152,2021,92.6,2308,-9.4,-14.4,20.1,1.4,
Garcia, Deivi,665620,2021,92.2,2216,-9.7,-13.3,21.5,1.6,
Castro, Kervin,665645,2021,94.5,2275,-0.8,-14,16.6,1.3,
Sanmartin, Reiver,665665,2021,89.5,2234,13.6,-22,18.4,1.5,
Santos, Antonio,665733,2021,95.5,2157,-11.1,-17.2,17.1,1.7,
Rosso, Ramon,665759,2021,94.7,2472,-4.5,-17.4,14.7,1.6,
Cabrera, Edward,665795,2021,96.7,2262,-10.3,-13.7,18.9,1.4,
Oviedo, Luis,665854,2021,94.3,2200,-7.6,-14.1,18.5,2,
Anderson, Ian,666120,2021,94.6,2045,-5.4,-13.2,18.4,1.1,
Garrett, Braxton,666129,2021,90.3,2187,4.7,-15.4,18.9,1.2,
Manning, Matt,666159,2021,93.5,2054,-2.8,-14.5,17.1,1.6,
Thompson, Mason,666168,2021,95.6,2225,-7.6,-17.6,14.7,1.3,
Luzardo, Jesus,666200,2021,95.9,2289,12.8,-14.5,20.2,1.6,
Manoah, Alek,666201,2021,93.7,2349,-5,-15.4,16.7,1.3,
Muller, Kyle,666205,2021,93.4,2435,6.5,-16.2,16.6,1.6,
Doval, Camilo,666808,2021,97.8,2550,-12.1,-14.2,18.9,1.5,
Nance, Tommy,667297,2021,95.2,2281,-8.5,-18.5,14.6,1.2,
Sanchez, Miguel,667376,2021,94.2,2234,-6.1,-16.4,15.7,1.3,
King, John,667463,2021,,,,,,,
Dugger, Robert,667498,2021,91.3,2103,-8.2,-17.6,17.4,1.3,
Tyler, Kyle,667725,2021,91,2140,1.8,-17.1,16.1,1.4,
Plesac, Zach,668676,2021,92.8,2047,-8.7,-14.7,19.2,1.5,
Gallen, Zac,668678,2021,93.4,2325,-3.4,-14.1,17.8,1.3,
Scrubb, Andre,668687,2021,,,,,,,
Kranick, Max,668820,2021,94.2,2136,-6.6,-13.6,18.6,1.7,
Romero, JoJo,668941,2021,94.7,2158,8.8,-16.4,16.8,1.4,
Crouse, Hans,668968,2021,,,,,,,
Wilson, Bryse,669060,2021,93,2024,-6.5,-17.1,15.9,1.2,
Sceroler, Mac,669135,2021,92.7,2487,-5.7,-13.1,19.7,1.3,
Zimmermann, Bruce,669145,2021,91.4,2325,6.3,-16.5,17.5,1.3,
May, Dustin,669160,2021,98.3,2306,-10.2,-12.7,18.8,1.3,
Heasley, Jon,669169,2021,93.5,2258,-9,-13.8,19.8,1.5,
Burnes, Corbin,669203,2021,96.4,2605,-5.8,-15.4,15.1,1.4,
Akin, Keegan,669211,2021,92,2337,10.7,-14.4,21.1,1.4,
Morgan, Eli,669212,2021,90.5,2223,-11.4,-16.1,20.8,1.5,
Menez, Conner,669214,2021,90.9,2164,5.6,-15.9,18,1.2,
Campbell, Paul,669294,2021,92.7,2475,-5.2,-14.3,18.5,1.3,
Gilbert, Logan,669302,2021,95.3,2200,-5.4,-12.1,19,1.3,
Wells, Tyler,669330,2021,95.2,2428,-4.1,-10.5,20.4,1.4,
Baz, Shane,669358,2021,97,2415,-9.7,-11.2,20.7,1.4,
Skubal, Tarik,669373,2021,94.3,2192,8.3,-14.8,18.3,1.6,
Coleman, Dylan,669395,2021,98.2,2520,-6.6,-12.6,17.1,1.4,
Lambert, Jimmy,669424,2021,93.6,2054,-6.5,-13.8,18.6,1.2,
Rogers, Trevor,669432,2021,94.5,2375,11.1,-16,18.6,1.6,
Bieber, Shane,669456,2021,92.8,2333,-9.7,-13.3,21,1,
Nelson, Kyle,669459,2021,92.9,2148,5.9,-16,16.8,1.2,
Barlow, Joe,669618,2021,94.5,2256,-5.2,-11.4,20.1,1.2,
Bender, Anthony,669622,2021,97.5,2521,-6.5,-15.4,15,1.3,
Long, Sam,669674,2021,92.6,2104,7.1,-14,19.3,1.4,
Rodriguez, Chris,669735,2021,94.6,2205,-11.3,-16.6,18.2,1.5,
Snead, Kirby,669912,2021,93.6,2542,14.8,-18.3,19.9,1.3,
Alexy, A.J.,669935,2021,93.3,2218,-4.2,-12.3,19.9,1.4,
White, Mitch,669952,2021,94.4,2332,-3,-13.8,17.2,1.3,
Baragar, Caleb,670056,2021,92.8,2363,8.6,-11.7,22,1.1,
Mills, Wyatt,670090,2021,93.1,1959,-15.8,-22.7,18.4,1.2,
Bednar, David,670280,2021,96.7,2290,-8.9,-12.7,18.9,1.2,
Hammer, JD,670456,2021,94,2298,-11.2,-14.5,20.1,1.3,
Rodriguez, Nivaldo,670550,2021,92.3,1921,-8.2,-16.7,17.6,1.5,
McCaughan, Darren,670766,2021,87.7,1977,-4.8,-22.7,13.6,1.4,
Oviedo, Johan,670912,2021,94.9,2256,-6.1,-18.9,13.2,1.6,
Richards, Trevor,670950,2021,92.7,2184,-5.8,-12.3,20.6,1,
Uceta, Edwin,670955,2021,92.3,2341,-7.8,-13.6,20.4,1.4,
Ramirez, Yohan,670990,2021,95.4,2311,-12.8,-18,17.8,1.2,
Foley, Jason,671345,2021,96.1,2216,-10.3,-15.7,17.5,1.5,
Bolanos, Ronald,671790,2021,95.2,2228,-8.9,-15.5,17.1,1.7,
Detmers, Reid,672282,2021,92.9,2078,7.7,-14.8,18.6,1.3,
Perez, Cionel,672335,2021,96,2107,4.4,-14.3,16,1.3,
Hernandez, Carlos,672578,2021,97.2,2372,-7.4,-11.8,18.8,1.9,
Patino, Luis,672715,2021,95.7,2415,-4.2,-11.4,19.2,1.5,
Guenther, Sean,674944,2021,93,2233,5.9,-15.7,17.1,0.9,
Lowther, Zac,675912,2021,90.7,2206,12.1,-17.6,20.1,1.5,
Karinchak, James,675916,2021,95.9,2309,-5.1,-12,18.7,1,
Howard, Spencer,675921,2021,94.2,2146,-7.5,-13.8,18.9,1.8,
Naughton, Packy,676050,2021,90.5,2034,8.1,-18.6,16.9,1.2,
Heuer, Codi,676051,2021,95.9,2366,-14.4,-16.5,19.8,1.4,
Junk, Janson,676083,2021,92.5,2357,-1.2,-15.7,16.4,1.1,
Elledge, Seth,676220,2021,,,,,,,
Abbott, Cory,676265,2021,92.6,2320,-9.6,-14.9,19.9,1.1,
Bettinger, Alec,676424,2021,91.5,2106,-3.1,-14.2,18.8,1,
Whitlock, Garrett,676477,2021,96.3,2125,-11,-14.6,18.6,1.4,
Fleming, Josh,676596,2021,91,1842,12.3,-18.1,19.7,1.5,
Zuber, Tyler,676604,2021,94.6,2231,-9,-14.5,18.6,1.3,
Margevicius, Nick,676606,2021,89.5,2172,5.3,-15.1,20,1.6,
Vest, Will,676684,2021,93.5,1989,-11.3,-16.9,18.4,1.1,
Tice, Ty,676709,2021,94.2,2206,-7.2,-16.2,16.4,1.3,
Whitley, Kodi,676831,2021,93.7,2248,-5.9,-11.7,20.5,1.6,
Peacock, Matt,676840,2021,,,,,,,
Ashby, Aaron,676879,2021,96.6,2057,8,-18.1,14,1.4,
Beasley, Jeremy,676886,2021,95.1,2500,-6.4,-13,18.5,1.2,
de Geus, Brett,676969,2021,91.3,2040,-9.1,-27.4,11.1,1.5,
Crochet, Garrett,676979,2021,96.7,2331,4.6,-11.5,18.5,1.3,
Garcia, Luis,677651,2021,93.3,2354,-5,-13,19.3,1.5,
Bruihl, Justin,677865,2021,,,,,,,
Weathers, Ryan,677960,2021,94,2058,11.6,-16.9,18.3,1.5,
Dobnak, Randy,677976,2021,93.5,2075,-15.6,-23.1,17.8,1.4,
Gray, Josiah,680686,2021,94.6,2254,-9.5,-12.8,20.2,1.1,
Sandlin, Nick,680704,2021,94.4,2351,-12.7,-18.7,17.6,1.3,
Wantz, Andrew,681806,2021,93.2,2283,-4.4,-14.6,17.5,1.1,
Warren, Austin,681810,2021,93.8,2287,-9.9,-15.1,19,1.1,
Vesia, Alex,681911,2021,93.8,2365,6.8,-11.5,20.9,1.3,
Mears, Nick,683232,2021,95.6,2184,-3.8,-10.9,19.4,1.3,
Arihara, Kohei,685503,2021,91.3,2158,-10,-17.1,18.9,1.8,
Perez, Oliver,424144,2020,89.5,2152,11.6,-18.6,19.4,1.7,
Wainwright, Adam,425794,2020,89.2,2218,-2.3,-19.5,15,1.2,
Greinke, Zack,425844,2020,88.1,2327,-1.2,-17.8,17.6,1.3,
Petit, Yusmeiro,433589,2020,88.1,2134,-4.9,-17.3,18.6,1.2,
Sanchez, Anibal,434671,2020,89.2,2148,-5.3,-17.5,17.7,1.6,
Rondon, Hector,444468,2020,95.7,2044,-8,-14.8,17.3,1.3,
Kintzler, Brandon,445213,2020,92,1903,-9.4,-19.8,15.7,1.4,
Jansen, Kenley,445276,2020,,,,,,,
Chavez, Jesse,445926,2020,91,2189,-11.9,-20.7,17.4,1.4,
Detwiler, Ross,446321,2020,91.9,2286,11.1,-16.2,19.7,1.3,
Hill, Rich,448179,2020,87.8,2389,9.7,-16.7,21.2,1.4,
Doolittle, Sean,448281,2020,90.7,2187,3.3,-14.1,19.5,1.2,
Guerra, Junior,448855,2020,93.9,2495,-4.8,-12.8,19.1,1.1,
Volquez, Edinson,450172,2020,94.3,2390,-9.7,-15.1,18.4,1.5,
Morton, Charlie,450203,2020,93.4,2349,-10.3,-17,17.9,1.4,
Davis, Wade,451584,2020,91.4,2550,-2,-15.8,17.1,1.4,
Lester, Jon,452657,2020,89.4,2223,7.1,-18.8,17,1.1,
Hughes, Jared,453172,2020,92.2,2136,-9,-22.7,13.4,1.3,
Kennedy, Ian,453178,2020,93.5,2450,-9.5,-15.6,18.4,1.1,
Miller, Andrew,453192,2020,89.6,2124,5.4,-20.4,14.8,1.7,
Watson, Tony,453265,2020,89.9,2344,11.1,-24.6,14.6,1.5,
Bard, Daniel,453268,2020,97.1,2712,-8.2,-17.6,14.2,1.4,
LeBlanc, Wade,453281,2020,86.8,1968,8.9,-20.7,18.1,1.3,
Parker, Blake,453284,2020,90.6,1999,-2.9,-16.3,17.3,1,
Scherzer, Max,453286,2020,94.7,2472,-10.5,-15,18.9,1.4,
Melancon, Mark,453343,2020,91.6,2325,-5.8,-20.2,13.7,1.3,
Arrieta, Jake,453562,2020,91.9,2249,-6.7,-18.5,15.5,1.5,
Martin, Chris,455119,2020,94,2183,-8.5,-15.7,17.6,1,
Cueto, Johnny,456501,2020,91.4,2222,-10.7,-17.9,18.4,1.5,
Bailey, Homer,456701,2020,91.3,2134,-8.7,-15.9,19,1.6,
Guerra, Javy,457915,2020,91.8,2203,-2.8,-12.6,20.1,1.5,
Happ, J.A.,457918,2020,91.6,2371,7.8,-15.1,19.4,1.2,
Lindblom, Josh,458676,2020,90.1,2551,-5.1,-16.7,17.7,1,
Wilson, Justin,458677,2020,94.9,2282,6.3,-11.5,20.1,1.1,
Lynn, Lance,458681,2020,94,2491,-6.7,-15.4,17.1,1.6,
Tomlin, Josh,458708,2020,88.3,2294,-8.8,-17.7,19.7,1.2,
McGee, Jake,459429,2020,94.9,2271,11.2,-15.1,19.1,1.3,
Clippard, Tyler,461325,2020,89.5,2364,-6.6,-14.6,20.7,1,
Gonzalez, Gio,461829,2020,90,2202,7.6,-18,17.5,1.1,
Soria, Joakim,465657,2020,92.4,2278,-5.8,-14.8,18.4,1.3,
Nova, Ivan,467100,2020,92.3,2277,-10.9,-21.3,15.5,1.4,
Carrasco, Carlos,471911,2020,93.7,2472,-8.8,-15.9,17.6,1.5,
Garcia, Luis,472610,2020,96.5,2186,-8.1,-15.4,16.3,1.3,
Anderson, Brett,474463,2020,90.2,2139,8.8,-17.8,18.3,1.5,
Roe, Chaz,475054,2020,90.8,2555,-4.3,-16.7,17.3,1.4,
Phelps, David,475479,2020,94.1,2396,-8.6,-14.4,18.7,1.1,
Betances, Dellin,476454,2020,93.6,2194,-3.4,-19.6,12.4,1.4,
Stock, Robert,476594,2020,96.8,2218,-11.1,-15.1,18.2,1.3,
Kershaw, Clayton,477132,2020,91.6,2482,-0.5,-13.1,19.7,1.1,
Buchter, Ryan,488748,2020,92.5,2220,9.4,-14.4,20,1.2,
Hunter, Tommy,488984,2020,92.7,2472,-6,-16.6,16.5,1.5,
Miley, Wade,489119,2020,90.2,2294,1.6,-17.9,15.7,1.7,
Romo, Sergio,489265,2020,85.8,2354,-14.3,-25.1,18.8,1.1,
Stammen, Craig,489334,2020,91.4,1989,-9.8,-25.7,12,1.3,
Yates, Kirby,489446,2020,93.6,2282,-13.3,-16.3,20,1,
Valdez, Cesar,491624,2020,85.2,2254,-14.9,-26.8,18.7,1.5,
Ottavino, Adam,493603,2020,92.8,2433,-7.4,-18.5,15.4,,
Guerra, Deolis,500610,2020,91.7,2321,-14.2,-18.2,20.4,1.2,
Quintana, Jose,500779,2020,91.3,2005,5.5,-17.4,16.5,1.5,
Pineda, Michael,501381,2020,92.1,1942,-7.2,-17.5,16.5,1.5,
Avilan, Luis,501593,2020,90.1,2153,9.6,-19.5,17.4,1.4,
Alvarez, Jose,501625,2020,92.2,2348,12.8,-17.2,20,1.3,
Harris, Will,501789,2020,91.3,2424,-1.2,-21.2,11.6,1.5,
Minor, Mike,501985,2020,90.6,2586,1.2,-19.1,14.3,1.5,
Jeffress, Jeremy,502026,2020,93.3,2165,-7.8,-16.8,16.6,1.4,
Gibson, Kyle,502043,2020,92.4,2261,-5.7,-15.8,17.2,1.2,
Britton, Zack,502154,2020,,,,,,,
Cobb, Alex,502171,2020,92.9,2098,-6.8,-15.3,17.9,1.4,
Espino, Paolo,502179,2020,90.3,2135,-4.2,-14.9,19.3,1.3,
Samardzija, Jeff,502188,2020,90.3,2557,-11.9,-17.9,19.7,1.5,
Boxberger, Brad,502202,2020,92.5,2483,-5.7,-14.1,18.9,1.3,
Cahill, Trevor,502239,2020,90.8,2198,-8.3,-20.8,15.1,1.2,
Anderson, Chase,502624,2020,92.5,2187,-6.3,-14.4,18.7,1.3,
Holland, Derek,502706,2020,92.1,2380,11.9,-16.7,19.7,1.3,
O'Day, Darren,503285,2020,86,2313,-11.3,-27.4,14.9,0.9,
Dolis, Rafael,503569,2020,94.3,2319,-5,-13,18.7,1.5,
Darvish, Yu,506433,2020,95.9,2595,-6.2,-11.4,19.4,1.4,
Colome, Alex,517008,2020,94.4,2117,-2.5,-13.5,17.5,1.1,
Alexander, Scott,518397,2020,92.8,2175,9.1,-27.1,10.1,1.5,
Brasier, Ryan,518489,2020,96.2,2253,-7.4,-13.1,18.2,1,
Bumgarner, Madison,518516,2020,88.4,2395,6.2,-17.9,18.5,1.1,
Cishek, Steve,518553,2020,89.2,2354,-6.4,-23.8,12.2,1.4,
Diekman, Jake,518617,2020,95.1,2246,13.2,-17.2,18.8,1.2,
Duffy, Danny,518633,2020,92.2,2173,6,-13.9,19.3,1.5,
Freeman, Sam,518693,2020,93.8,2110,3.2,-14.5,17,1.5,
Grimm, Justin,518748,2020,93.3,2257,-6,-13.6,19,1,
Harvey, Matt,518774,2020,94,2139,-11.9,-18.1,17.6,1.4,
Holland, Greg,518813,2020,92.9,2313,-0.5,-14.7,17,1.1,
Jones, Nate,518858,2020,95.5,2453,-3.7,-13.5,16.9,1.4,
Kelly, Merrill,518876,2020,92.1,2436,-6.1,-16.2,17.3,1.5,
Kimbrel, Craig,518886,2020,96.9,2262,-10.7,-15,17.8,1.1,
McFarland, T.J.,519008,2020,,,,,,,
Pomeranz, Drew,519141,2020,94.6,2474,4.1,-12,19.1,1.1,
Porcello, Rick,519144,2020,91.6,2299,-7.8,-16.3,18.2,1.3,
Pressly, Ryan,519151,2020,94.6,2533,-0.2,-14.6,16,1.2,
Smith, Will,519293,2020,92.6,2260,6.5,-15.7,17.6,1.2,
Walden, Marcus,519393,2020,92.4,2056,-1.6,-22,9.9,1.2,
Workman, Brandon,519443,2020,92.5,2114,-3.4,-14.5,17.9,1.2,
Zimmermann, Jordan,519455,2020,89.4,2340,-6.1,-19,16.5,1.2,
Baez, Pedro,520980,2020,94.4,2226,-5.8,-12.9,18.9,1.1,
Hendriks, Liam,521230,2020,96,2446,-8.1,-10,21.3,1.3,
Font, Wilmer,521655,2020,95,2274,-6.4,-13.3,18.3,1.7,
Kelly, Joe,523260,2020,97.3,2245,-10.6,-16.3,16.6,1.2,
Perez, Martin,527048,2020,92.2,2049,10.7,-17.2,18.6,1.5,
Teheran, Julio,527054,2020,89.2,2325,-8.1,-21,15.7,1.5,
Castellanos, Humberto,528748,2020,90.1,2066,-8.1,-21.1,15,1.5,
Shoemaker, Matt,533167,2020,92.1,2240,-8.3,-15.5,19,1.4,
Hahn, Jesse,534910,2020,95.2,2189,-12.7,-18.4,17.4,1.5,
Ramirez, Erasmo,541640,2020,90.9,2171,-9.3,-18.2,17.5,1.5,
Cisnero, Jose,542585,2020,96.3,2412,-10.1,-14.8,17.9,1.1,
Anderson, Tyler,542881,2020,90.3,2305,7.8,-14.6,20.7,1.4,
Andriese, Matt,542882,2020,91.9,2324,-8.1,-15.7,18.6,1.3,
Armstrong, Shawn,542888,2020,93.6,2479,-4.5,-13.5,18.4,1.4,
Bass, Anthony,542914,2020,95.1,2050,-7.5,-14.9,17,1.5,
Bleier, Richard,542947,2020,90,2097,8.4,-21.6,14.7,,
Brach, Brad,542960,2020,90.3,2183,-6.1,-19.3,15.6,1.3,
Chatwood, Tyler,543022,2020,94.7,2483,-3,-16.9,13.9,1.4,
Cole, Gerrit,543037,2020,96.7,2505,-12.2,-11.5,21.7,1.4,
DeSclafani, Anthony,543101,2020,94.9,2222,-8.1,-14.2,18.2,1.3,
Drake, Oliver,543118,2020,91.2,2221,2.8,-14.3,19.1,1.1,
Eovaldi, Nathan,543135,2020,97.3,2121,-10.9,-14.9,17.8,1.5,
Gray, Sonny,543243,2020,93,2519,-2,-16.1,15.6,1.1,
Hand, Brad,543272,2020,91.4,2453,11.6,-17.6,19.2,1.3,
Hendricks, Kyle,543294,2020,87.4,1969,-5.8,-20.8,16.1,1.2,
Hudson, Daniel,543339,2020,96.4,2341,-9.8,-12.6,19.6,1,
Lyles, Jordan,543475,2020,92.3,2145,-7.7,-14.5,19.4,1.2,
Magill, Matt,543483,2020,91.9,2363,-8.9,-14.2,20.4,1.6,
May, Trevor,543507,2020,96.3,2397,-7.1,-12.8,18.1,1.1,
Milone, Tommy,543548,2020,86.1,2188,8.2,-18.4,20.5,1.2,
Odorizzi, Jake,543606,2020,92.9,2237,-10.9,-16,19.2,1,
Roark, Tanner,543699,2020,90.7,2073,-3.9,-15.3,18.5,1.7,
Shaw, Bryan,543766,2020,,,,,,,
Turley, Nik,543867,2020,94.2,2536,6.7,-15,17.2,1.2,
Vincent, Nick,543883,2020,89.1,2336,-5.2,-17.5,17.9,1,
Weber, Ryan,543901,2020,87.2,2138,-9.6,-28.1,12.4,1.3,
Familia, Jeurys,544727,2020,97.2,2298,-11.5,-15.1,18.1,1.3,
Diaz, Jairo,545064,2020,95.2,2170,-3.8,-17.1,13.3,1.4,
Bauer, Trevor,545333,2020,93.5,2779,-9.6,-11.7,22.1,1.7,
Lorenzen, Michael,547179,2020,96.8,2529,-10.8,-12.8,19.8,1.3,
Tanaka, Masahiro,547888,2020,92.3,2231,-9.4,-15.3,19.4,1.1,
Kim, Kwang Hyun,547942,2020,89.9,2163,0.4,-18.3,15.6,1.4,
Ryu, Hyun Jin,547943,2020,89.8,1995,9.7,-20.5,16.7,1.3,
Chapman, Aroldis,547973,2020,97.8,2451,4.6,-10.1,19.3,1.9,
Raley, Brooks,548384,2020,90.1,2405,5.6,-19.4,15.4,1.4,
Stripling, Ross,548389,2020,91.7,2275,-5.1,-14.3,19.1,1.5,
Kittredge, Andrew,552640,2020,94.7,2394,-9.9,-16,17.8,1.4,
Garcia, Yimi,554340,2020,94.4,2569,-6.7,-18,14.6,1.3,
Wheeler, Zack,554430,2020,96.9,2334,-5.9,-15,15.4,1.2,
Matzek, Tyler,554431,2020,94.3,2356,3.7,-13,18.2,1.4,
Pena, Felix,570240,2020,93.9,2133,-12.3,-17.7,18.2,1.4,
Rodriguez, Joely,570257,2020,94.2,2091,13.4,-20.4,17.1,1.2,
Valdez, Phillips,570488,2020,,,,,,,
Urena, Jose,570632,2020,95.6,2150,-9.9,-16.4,17,1.1,
Robles, Hansel,570663,2020,95.4,2320,-12,-13.9,20.2,1.4,
Cessa, Luis,570666,2020,93.7,2289,-6.4,-14.8,17.7,1.2,
Boyd, Matthew,571510,2020,91.7,2304,11.2,-18.3,18.2,1.1,
Corbin, Patrick,571578,2020,90.2,2158,8,-18.3,17.3,1.4,
Farmer, Buck,571656,2020,93.2,2276,-11.5,-16,19.4,0.9,
Fiers, Mike,571666,2020,88,2158,-10.4,-18.3,20,1.4,
Floro, Dylan,571670,2020,93.3,2238,-11.1,-19.9,15.9,1.5,
Givens, Mychal,571710,2020,94.7,2414,-9.4,-17.9,15.8,1.6,
Hale, David,571735,2020,92.8,2279,-7.1,-18.5,15.2,1.2,
Heaney, Andrew,571760,2020,91.5,2435,13.8,-17.1,21,1.4,
Loup, Aaron,571901,2020,,,,,,,
Matz, Steven,571927,2020,,,,,,,
Milner, Hoby,571948,2020,,,,,,,
Paxton, James,572020,2020,92.1,2226,14.1,-18.3,20.1,1.2,
Pazos, James,572021,2020,,,,,,,
Richards, Garrett,572070,2020,95.1,2624,0.4,-19.6,10.8,1,
Rosenthal, Trevor,572096,2020,97.9,2454,-5.7,-10.5,19,1.3,
Selman, Sam,572125,2020,91.2,2476,2.8,-17,16.1,1.3,
Smith, Burch,572143,2020,94.4,2444,-8.5,-12,20.6,1.4,
Tepera, Ryan,572193,2020,93.5,2299,-7.7,-14.4,18.7,1.1,
Erlin, Robbie,572362,2020,89.3,2256,8.4,-17.4,19,1.1,
Moran, Brian,572383,2020,81.8,2293,0,-31.7,9.3,1.4,
Greene, Shane,572888,2020,92.8,2293,-7.7,-17.4,16.3,1.5,
Johnson, Pierce,572955,2020,96.3,2326,-10.4,-14,18.8,1.1,
Keuchel, Dallas,572971,2020,88.3,2218,2.7,-21.5,13.9,1.4,
Rogers, Taylor,573124,2020,94.4,2166,12.8,-17,18.8,1.4,
Thielbar, Caleb,573204,2020,89.8,2421,1.5,-14.3,19.6,1.6,
Kikuchi, Yusei,579328,2020,95,2172,6.5,-12.1,19.6,1.4,
Goody, Nick,580792,2020,91.6,2196,-8.1,-15,19.6,1.1,
Adam, Jason,592094,2020,94.8,2721,-7.3,-15,17.2,1.2,
Bedrosian, Cam,592135,2020,92.2,2352,-4.7,-12.5,20.4,1.2,
Brennan, Brandon,592165,2020,93.2,2135,-14.3,-21.3,17.6,1.4,
Brice, Austin,592169,2020,93.8,2244,-16,-23.3,17.9,1,
Claudio, Alex,592222,2020,85.8,2014,17.4,-33.2,17.9,1.5,
Covey, Dylan,592229,2020,92.1,1927,-1.5,-21.4,10.9,1.3,
Crichton, Stefan,592233,2020,91.7,1894,-12.3,-23.1,15.7,1.4,
De Leon, Jose,592254,2020,,,,,,,
Gausman, Kevin,592332,2020,95.1,2312,-10.4,-14.2,19.2,1.7,
Gonzalez, Chi Chi,592346,2020,92.3,2359,-2.2,-20.9,11.1,1.4,
Gray, Jon,592351,2020,94,2148,-11.2,-19.6,15.9,1,
Hembree, Heath,592390,2020,93.9,2500,-10.5,-14,20.1,1.3,
Jackson, Luke,592426,2020,94.4,2249,-8,-12.3,20.3,1.1,
Kickham, Mike,592464,2020,89.3,2359,2.1,-23,12,1.4,
Kolarek, Adam,592473,2020,91.2,2166,12.1,-19.6,18.1,1.6,
Osich, Josh,592612,2020,92.3,2272,3.6,-22.3,10.4,1.3,
Plutko, Adam,592644,2020,91,2293,-4.1,-15.1,18.5,1.1,
Ray, Robbie,592662,2020,93.9,2419,9.6,-14.2,19.6,1.5,
Shreve, Chasen,592741,2020,91.7,2396,10.4,-14.6,20.8,0.9,
Smith, Caleb,592761,2020,92.1,2498,10.3,-13.6,21.7,1.2,
Smyly, Drew,592767,2020,93.7,2244,5.7,-12.8,19.3,1.2,
Stanek, Ryne,592773,2020,95.9,2320,-9,-11.7,20.4,1.1,
Thornburg, Tyler,592804,2020,93,2601,-7.3,-10.9,22.1,1.3,
Triggs, Andrew,592811,2020,86.8,2282,-9.4,-31.9,10.4,,
Velasquez, Vince,592826,2020,93.8,2435,-5.3,-12.1,20,1.5,
Walker, Taijuan,592836,2020,93.2,2135,-6.8,-13.2,19.7,1.3,
Wick, Rowan,592858,2020,94.9,2346,-1,-12,18.4,1.1,
Williams, Taylor,592865,2020,95,2307,-11.5,-19.4,16,1.1,
Williams, Trevor,592866,2020,91.5,2277,-3.6,-19.2,13.9,1.2,
Wojciechowski, Asher,592879,2020,90.9,2145,-5.5,-14.8,19.4,1.1,
Rodriguez, Richard,593144,2020,92.9,2543,-13.1,-15.9,20.7,1.1,
Martinez, Carlos,593372,2020,93.3,2133,-8.2,-18.4,15.4,1.7,
Montas, Frankie,593423,2020,95.9,2381,-7.6,-12,19.5,1.4,
Neris, Hector,593576,2020,93.8,2352,-10.1,-15.4,18.8,1.1,
Suero, Wander,593833,2020,,,,,,,
Peralta, Wandy,593974,2020,94.8,2185,9.5,-15.8,17.5,1.1,
Mayers, Mike,594577,2020,94.2,2372,-10.3,-14.4,19.6,1.5,
Dayton, Grant,594795,2020,90.6,2223,8.3,-15.5,19.9,1,
deGrom, Jacob,594798,2020,98.6,2477,-6.9,-11.4,18.2,1.2,
Gonzales, Marco,594835,2020,,,,,,,
Ponce de Leon, Daniel,594965,2020,93.1,2354,-9.3,-13,20.9,1.5,
Ryan, Kyle,594986,2020,89,1973,3.5,-23.2,11.9,1.4,
Sadler, Casey,594987,2020,93.1,2437,-7.5,-15.4,17.7,,
Smith, Josh A.,595001,2020,90.4,2325,-3.3,-17.3,16.7,1.3,
Treinen, Blake,595014,2020,97.1,2413,-10.8,-16.2,17,1.3,
Sherriff, Ryan,595411,2020,,,,,,,
Winkler, Dan,595465,2020,92.9,2527,-4.6,-17.4,15.1,1.3,
Cole, A.J.,595918,2020,93.4,2331,-8.3,-14.3,19.1,1.4,
Curtiss, John,595928,2020,94,2309,-5.9,-14,18.1,1.3,
Junis, Jakob,596001,2020,91.1,2106,-4.4,-18.5,14.8,1.4,
McClain, Reggie,596035,2020,,,,,,,
Mengden, Daniel,596043,2020,90,2218,-9.5,-14.6,21.6,1.3,
Norris, Daniel,596057,2020,92.6,2444,5.2,-16.1,16.7,1.5,
Shafer, Justin,596101,2020,91,2475,-5,-14.1,19.7,1.5,
Stephenson, Robert,596112,2020,94.7,2487,-12.4,-13.1,21.4,1.2,
Weaver, Luke,596133,2020,94,2467,-7.4,-12.7,20,1.5,
Gomber, Austin,596295,2020,92.5,2151,5.6,-13.3,19.5,1.1,
Neverauskas, Dovydas,596720,2020,94.7,2269,-7.6,-12.2,19.9,1.3,
Barnes, Matt,598264,2020,95.6,2315,-10.9,-13.2,20.2,1.1,
Ramirez, Nick,598286,2020,89.9,2001,11.4,-19.7,18.3,1.4,
Ramirez, Noe,598287,2020,88.7,2182,-9.8,-22.1,16,1.1,
Del Pozo, Miguel,600887,2020,93.3,2141,9.7,-16.6,17.8,1.4,
Pivetta, Nick,601713,2020,92.9,2334,-7.9,-12.3,21.1,1.3,
Barlow, Scott,605130,2020,94.9,2307,-5.9,-15,16.4,1.2,
Bassitt, Chris,605135,2020,93.3,2160,-7.8,-16.5,16.8,1.4,
Benjamin, Wes,605138,2020,90.9,2366,8.3,-13.5,21.4,1.3,
Bradley, Archie,605151,2020,94.2,2214,-8.9,-14.2,19.1,1.1,
Brewer, Colten,605155,2020,94,2202,-6.2,-19.8,12.7,1.4,
Bundy, Dylan,605164,2020,90,2424,-4.9,-14.8,19.7,1.5,
Chafin, Andrew,605177,2020,93.6,2170,8.1,-16.4,17.1,1.3,
Clevinger, Mike,605182,2020,95.1,2349,-7,-12.5,19.2,1.4,
Crick, Kyle,605195,2020,90.9,2367,-4.5,-18.8,15.2,1.1,
Davies, Zach,605200,2020,,,,,,,
Fry, Jace,605240,2020,90.4,2269,7.2,-20.1,15.4,1.5,
Fulmer, Michael,605242,2020,93.3,2167,-4.9,-15.6,16.6,1.2,
Hess, David,605276,2020,92.8,2049,-5.4,-14.8,18,1.3,
Houser, Adrian,605288,2020,93.8,2166,-6.8,-15.7,16.9,1.2,
Leibrandt, Brandon,605335,2020,89,2070,4.3,-17.6,17.5,1.2,
Lopez, Jorge,605347,2020,94,1910,-9.4,-16.4,17.5,1.3,
Marshall, Evan,605359,2020,92.8,2335,-10.8,-18.3,17.4,1.2,
Morgan, Adam,605388,2020,91.7,2273,12,-17.4,19.5,1.2,
Musgrove, Joe,605397,2020,92.7,2436,-5.6,-19.1,14,1.2,
Nola, Aaron,605400,2020,92.8,2180,-13.8,-18,19.6,1.2,
Romano, Jordan,605447,2020,96.5,2331,-5.8,-12.1,18.4,1.2,
Sneed, Cy,605482,2020,,,,,,,
Snell, Blake,605483,2020,95,2396,5.8,-12,19.5,1.3,
Springs, Jeffrey,605488,2020,92.1,2229,10.2,-15.5,19.8,1,
Suarez, Andrew,605498,2020,91.9,1991,8.5,-16.6,17.9,1.3,
Tarpley, Stephen,605501,2020,91.6,2163,5.8,-20.2,13.8,1.5,
Turnbull, Spencer,605513,2020,93.7,2500,-2.2,-19.8,11.6,1.5,
Wendelken, J.B.,605525,2020,94.6,2442,-3.2,-15.9,15.1,1.2,
Wisler, Matt,605538,2020,91.9,2098,-8.8,-15.8,18.9,1.2,
Woodruff, Brandon,605540,2020,96.6,2457,-6.6,-12.1,18.5,1.1,
Perdomo, Luis,606131,2020,93.7,1919,-11,-20.8,15,1.4,
Gallegos, Giovanny,606149,2020,93.7,2385,-9.9,-14,20,1.4,
Montero, Rafael,606160,2020,95.8,2284,-8.6,-14.7,17.4,1.2,
Garcia, Jarlin,606424,2020,93.7,2187,15.3,-19.4,19.5,1.2,
Barnes, Jacob,606930,2020,95.2,2389,-3.3,-11.8,18.9,1.4,
Hart, Kyle,606996,2020,88.7,2104,5.5,-17.4,18.3,1.6,
Rea, Colin,607067,2020,93.1,2239,-7.6,-17.3,16.2,1.4,
Rodon, Carlos,607074,2020,92.8,2254,6.9,-15.2,18,2.5,
Weems, Jordan,607179,2020,95.3,2221,-7.4,-11.6,20.1,1.2,
Glasnow, Tyler,607192,2020,96.9,2412,-0.6,-11.7,17.6,1.5,
Fedde, Erick,607200,2020,93.3,1792,-5.3,-22.5,10.2,1.2,
Gsellman, Robert,607229,2020,93.8,2190,-8.5,-15.1,18.2,1.6,
Gant, John,607231,2020,94,2485,-10.8,-15.1,19.3,1.4,
Garrett, Amir,607237,2020,94.8,2217,11.2,-16.3,18.3,1.5,
Biagini, Joe,607352,2020,93.9,2093,-8.3,-19.6,13.7,1.2,
Tropeano, Nick,607374,2020,90.9,2249,-13.8,-18.5,20.1,1,
Mazza, Chris,607391,2020,92.4,2080,-8.3,-20.9,14.1,1.2,
Banda, Anthony,607455,2020,92.3,2026,11.7,-17.4,19,1.4,
Bummer, Aaron,607481,2020,,,,,,,
Freeland, Kyle,607536,2020,92.1,2436,7.2,-18,15.8,1.5,
Guilbeau, Taylor,607555,2020,91.7,2141,9.1,-20.6,15.1,1.5,
Harper, Ryne,607560,2020,88.4,1830,0,-23.9,11,1,
Howard, Sam,607572,2020,92,2431,9.7,-14.3,20.5,1.2,
Lugo, Seth,607625,2020,93.5,2240,-8.1,-14.5,18.8,2,
Means, John,607644,2020,93.8,2463,6.4,-11.8,20.5,1.2,
Estevez, Carlos,608032,2020,96.9,2168,-8.7,-13.9,17.5,1.4,
De Jong, Chase,608328,2020,93,2396,-6.1,-12.5,20.3,1,
Fried, Max,608331,2020,93.1,2120,1.4,-20,11.6,1.8,
Fulmer, Carson,608334,2020,92.5,2226,-7.8,-16.7,17.3,1.1,
Funkhouser, Kyle,608335,2020,95.2,1994,-8.1,-17.8,14.7,1.2,
Giolito, Lucas,608337,2020,94,2349,-7.1,-12.5,20,1.4,
Knebel, Corey,608349,2020,94.2,2378,-4.1,-13.5,18.1,1.7,
Sims, Lucas,608371,2020,93.9,2748,-7.2,-12.8,19.7,1.1,
Wacha, Michael,608379,2020,93.6,2126,-7.8,-14.4,18.6,1.5,
Marquez, German,608566,2020,95.9,2157,-6.8,-16.1,15.3,1.6,
Duffey, Tyler,608648,2020,92.6,2291,-7,-16.1,17.5,1.3,
Farrell, Luke,608652,2020,91.4,2479,-3.5,-12.8,20.3,1.1,
Graveman, Kendall,608665,2020,94.1,2422,-7.3,-14.6,18.1,1.8,
Leone, Dominic,608678,2020,94.7,2236,-5,-16,15.2,1.3,
Stratton, Chris,608717,2020,93.2,2627,-4.3,-15.8,16.2,1.2,
Suter, Brent,608718,2020,85.4,2158,-3.8,-25.1,12.8,1.3,
Voth, Austin,608723,2020,92,2248,-6.2,-15.7,17.9,1.1,
Castro, Miguel,612434,2020,,,,,,,
Quantrill, Cal,615698,2020,94.9,2192,-7.3,-15.8,16.2,1.1,
Reyes, Alex,621052,2020,97.5,2546,-6.2,-10.4,19.5,1.2,
Lail, Brady,621078,2020,90.1,2419,-5.2,-15,19.5,1.5,
Waguespack, Jacob,621097,2020,92.5,1990,-2,-14.5,17.7,1.4,
Eflin, Zach,621107,2020,94.3,2160,-10.8,-17.1,17.6,1.1,
Buehler, Walker,621111,2020,96.8,2546,-5.2,-9.9,20.1,1.4,
McCullers Jr., Lance,621121,2020,93,2056,-9.1,-19.5,15.2,1.4,
Cody, Kyle,621129,2020,94.2,2134,-7.7,-13.5,19.1,1.3,
Lockett, Walker,621141,2020,92.8,2259,-7.3,-23.5,11,1.4,
Buttrey, Ty,621142,2020,96.1,2232,-13.3,-16.5,18.9,1.3,
Mills, Alec,621219,2020,89.8,2181,-9.5,-20,17,1.2,
Alvarado, Jose,621237,2020,,,,,,,
Diaz, Edwin,621242,2020,97.8,2357,-14.4,-15.6,19.6,1.2,
Berrios, Jose,621244,2020,94.5,2192,-10.9,-15.5,18.8,1.2,
Underwood Jr., Duane,621249,2020,94.5,2148,-7.8,-15.7,16.8,1.5,
Oswalt, Corey,621261,2020,92.1,2161,-11.2,-16.6,19.4,1.2,
Bacus, Dakota,621290,2020,,,,,,,
Heller, Ben,621294,2020,93.3,2412,-16.7,-18.8,21.1,1.2,
Wittgren, Nick,621295,2020,92.9,2221,-9.8,-15.4,19.1,1.2,
Minter, A.J.,621345,2020,95.5,2320,8,-13.2,18.7,1.2,
Borucki, Ryan,621366,2020,,,,,,,
Hearn, Taylor,621368,2020,94.9,2286,5.7,-12.7,18.7,1.3,
Strahm, Matt,621381,2020,92.9,2350,14.5,-19.8,18.9,1.1,
Young, Alex,622065,2020,91.2,2292,9.6,-17.4,18.3,1.2,
Wood, Alex,622072,2020,91,2225,9.8,-18.6,17.2,1.4,
Almonte, Yency,622075,2020,94.8,2122,-7.8,-18.6,14.2,1.3,
Antone, Tejay,622088,2020,,,,,,,
Zimmer, Kyle,622092,2020,94.1,2162,-0.3,-15.7,15.1,1.1,
Smith, Drew,622098,2020,95.1,2469,-5.1,-12.3,18.7,1.2,
Staumont, Josh,622251,2020,98,2385,-3.9,-10,19,1.7,
Tate, Dillon,622253,2020,95.2,2055,-10.2,-17,16.8,1.5,
Leyer, Robinson,622490,2020,95,2266,-5.9,-12.9,18.6,1.7,
Castillo, Luis,622491,2020,97.4,2181,-11,-16.5,16.6,0.9,
Mella, Keury,622492,2020,95.5,2225,-13.4,-15.8,19.9,1.3,
Crismatt, Nabil,622503,2020,89.5,2144,-5.6,-21.1,14.1,1.3,
Senzatela, Antonio,622608,2020,94.3,2140,-5.9,-20,12.3,1.5,
Hernandez, Elieser,622694,2020,91.3,2265,-7.3,-14.9,19.4,1.3,
Cordero, Jimmy,622772,2020,97.1,2131,-5.1,-15.9,14.2,1.4,
Tinoco, Jesus,622786,2020,94.7,2311,-10.2,-14.7,19,1.5,
Sewald, Paul,623149,2020,91.7,2276,-10.7,-18.5,17.7,1.1,
Hader, Josh,623352,2020,,,,,,,
Anderson, Nick,623433,2020,95.2,2222,-6.2,-11.4,20,0.9,
Topa, Justin,623437,2020,,,,,,,
Phillips, Evan,623465,2020,94.5,2247,-8.2,-14,18.7,1.2,
Newberry, Jake,623470,2020,93.4,2403,-2.6,-15.2,16.3,1.1,
Herget, Jimmy,623474,2020,93.5,2345,-14.8,-20.8,18.3,1.3,
Goudeau, Ashton,623485,2020,93.3,2155,-7.9,-14.8,18.6,1.3,
Suarez, Ranger,624133,2020,,,,,,,
Castellani, Ryan,624418,2020,92.5,2348,-10.4,-19.4,16.3,1.8,
Hoyt, James,624586,2020,87.8,2341,-10.1,-18.9,19.6,1.4,
Gonzalez, Victor,624647,2020,95.1,2235,16.5,-20,19.6,1.3,
Lopez, Reynaldo,625643,2020,94.2,2135,-7.2,-13.8,18.5,1.4,
Thorpe, Lewis,626929,2020,89.7,1958,7.2,-18.5,17.1,1.6,
Maeda, Kenta,628317,2020,91.6,2270,-7.8,-17.1,17.3,1.2,
Iglesias, Raisel,628452,2020,96,2413,-9.2,-13.4,18.8,1.2,
Urias, Julio,628711,2020,94.2,2477,4.2,-13.4,18,1.1,
Chirinos, Yonny,630023,2020,94.2,2301,-9.6,-13.7,20.1,1.3,
Crowe, Wil,640444,2020,91.5,2274,-3.4,-15.5,17.6,1.2,
Finnegan, Kyle,640448,2020,96.2,2072,-4.8,-13.2,16.9,,
Harvey, Hunter,640451,2020,97.3,2098,-8.5,-11.5,19.6,1.3,
Manaea, Sean,640455,2020,,,,,,,
Alzolay, Adbert,640470,2020,94.4,2406,-8.6,-13.9,19,1.4,
Lopez, Pablo,641154,2020,93.9,2124,-6.6,-17.7,15,1.3,
Alexander, Tyler,641302,2020,90.5,2203,7.6,-18.6,16.7,1.2,
Anderson, Shaun,641312,2020,94.4,2495,-1.8,-15.2,15.7,1.4,
Bashlor, Tyler,641341,2020,95.1,2423,-8.5,-14.3,18,1.5,
Brogdon, Connor,641401,2020,95.3,2454,-9,-12.5,20,1.5,
Burdi, Zack,641420,2020,97.8,2589,-10.5,-13.5,18.4,1.1,
Castano, Daniel,641447,2020,89.4,2244,3.7,-22.8,12.1,1.8,
Cortes Jr., Nestor,641482,2020,88.2,2113,7.6,-18,19.1,1.4,
Dunning, Dane,641540,2020,91.8,2196,-6.1,-17.7,16,1.2,
Foster, Matt,641582,2020,93.8,2322,-7.8,-12.9,19.8,0.9,
Gott, Trevor,641627,2020,95.5,2320,-9.4,-15.6,17.3,1.3,
Hatch, Thomas,641672,2020,95.5,2598,-7.4,-14.2,17.5,1.1,
Hudson, Dakota,641712,2020,92.6,2100,-5,-22.1,11.2,1.2,
Jimenez, Joe,641729,2020,94.2,2465,-10.9,-14.5,19.8,1.3,
Kay, Anthony,641743,2020,93.6,2367,6.4,-15.7,17,1.6,
Keller, Brad,641745,2020,92.8,2343,2.6,-18.4,13.4,1.4,
Kinley, Tyler,641755,2020,95.9,2343,-4.1,-13.5,16.7,1.2,
Kuhl, Chad,641771,2020,93.7,2005,-10.6,-17.2,17.7,1.4,
Lauer, Eric,641778,2020,91.5,2203,10.4,-16.2,19.7,1.3,
Littell, Zack,641793,2020,93.9,2129,-7.6,-13.9,18.8,1.3,
Mahle, Tyler,641816,2020,93.9,2388,-12.4,-13.6,21.5,1.5,
McCarthy, Kevin,641838,2020,89.6,1769,-9.5,-27.6,11.4,1.4,
McGowin, Kyle,641851,2020,91.6,2391,-7.2,-14.9,19.4,1.3,
Middleton, Keynan,641871,2020,97.1,2485,-8.5,-11.9,19.3,1.3,
Murphy, Patrick,641907,2020,,,,,,,
Pagan, Emilio,641941,2020,94.5,2441,-5.5,-13.1,18.5,1.3,
Reed, Cody,642003,2020,94.9,2142,10,-19.2,15.1,1.4,
Slegers, Aaron,642083,2020,91.2,1989,-6.4,-18.3,16.1,1.1,
Smith, Riley,642092,2020,,,,,,,
Sparkman, Glenn,642098,2020,,,,,,,
Speier, Gabe,642100,2020,92.4,2492,10,-17.6,17.4,1.4,
Sulser, Cole,642121,2020,93.8,2407,-10,-12.6,21.3,1.1,
Taylor, Blake,642130,2020,93.7,2278,-1.2,-14.9,16.3,1.4,
Trivino, Lou,642152,2020,95.4,2043,-8.2,-15.2,17.1,1.1,
Widener, Taylor,642203,2020,94.5,2397,-6.8,-13.6,18.7,1.3,
Williams, Devin,642207,2020,96.5,2386,-10.4,-12.8,19.7,1.1,
Yarbrough, Ryan,642232,2020,,,,,,,
Yardley, Eric,642233,2020,,,,,,,
Soto, Gregory,642397,2020,96.6,2384,4.5,-15.1,15,1.4,
Loaisiga, Jonathan,642528,2020,96.9,2364,-5.8,-12.8,17.5,1,
Barria, Jaime,642545,2020,92.1,2299,-5.7,-16.5,16.8,1.3,
Hernandez, Jonathan,642546,2020,97.9,2104,-9.9,-13.4,17.7,,
Peralta, Freddy,642547,2020,93,2416,-5.7,-15.3,17.4,1.6,
Kilome, Franklyn,642584,2020,93.6,2371,-4.8,-15.8,16,1.4,
Santana, Dennis,642701,2020,94.9,2446,-12.3,-16.5,18.7,1.4,
Guerra, Javy,642770,2020,96.7,2224,-4.9,-13.9,16,,
Brault, Steven,643230,2020,92.2,2160,9.1,-17.5,17.5,1.3,
Cimber, Adam,643256,2020,85.9,2157,-12.4,-33.8,13,1.1,
Dunn, Justin,643290,2020,91.2,2238,-8.1,-15.8,19,1.3,
Fry, Paul,643316,2020,92.8,2274,5.8,-17.9,15.1,1,
Godley, Zack,643327,2020,89.9,2151,-5.9,-22,13.2,1.5,
Green, Chad,643338,2020,95.5,2473,-5.5,-11.5,19.6,1,
Rogers, Tyler,643511,2020,82.4,1939,-2.3,-53.6,13.3,1.1,
Sharp, Sterling,643532,2020,87.2,1874,-8,-31.2,9.7,1.4,
Zeuch, T.J.,643615,2020,91.5,2091,-7.1,-18.2,16.5,1.6,
Webb, Tyler,643778,2020,90,2140,1.8,-16.5,17.4,1,
Alcantara, Sandy,645261,2020,96.9,2320,-9.5,-14,18.1,1.3,
Sanchez, Ricardo,645307,2020,91.6,2194,7.3,-18.6,16,1.2,
Soroka, Mike,647336,2020,92.7,2281,-6.7,-18.6,14.8,1.3,
Hernandez, Darwinzon,650382,2020,94.3,2338,2.4,-18.6,12.5,1.3,
Garcia, Bryan,650530,2020,94.6,2172,-7.9,-15.2,17.3,1.4,
King, Michael,650633,2020,93.7,2373,-8.8,-14.9,18.7,1.5,
Civale, Aaron,650644,2020,91.3,2343,-4.6,-17,16.5,1.2,
Mejia, Humberto,650668,2020,92.8,2231,-7,-13.7,19.5,1,
Cabrera, Genesis,650893,2020,96.1,2279,8,-11.4,20,1.5,
Castillo, Diego,650895,2020,96.3,1913,-12.4,-18.4,16.9,1.5,
Altavilla, Dan,656186,2020,97.3,2351,-9.3,-14.1,17.7,1.4,
Beeks, Jalen,656222,2020,93,2033,6.7,-13.8,19.1,1.3,
Bielak, Brandon,656232,2020,93.2,2327,-8.4,-15.3,18.4,1,
Canning, Griffin,656288,2020,92.8,2352,-8.5,-13.9,19.9,1.2,
Cease, Dylan,656302,2020,97.5,2516,-4.4,-13,16.5,1.2,
Coonrod, Sam,656322,2020,98.4,2409,-11.4,-12.4,19.5,1.4,
Davis, Austin,656354,2020,93.4,2293,11.4,-15.8,19.5,1.5,
Feyereisen, J.P.,656420,2020,93.4,2569,-4.9,-11.7,20.4,1.1,
Flaherty, Jack,656427,2020,94,2199,-5.8,-15.9,16.2,1.6,
Ginkel, Kevin,656464,2020,95.5,2387,-10.3,-13.7,19.5,1.2,
Hoffman, Jeff,656546,2020,94.4,2425,-9.9,-15.4,18.3,1.4,
Holder, Jonathan,656547,2020,92.1,2399,-3.3,-15.4,17.2,1,
Houck, Tanner,656557,2020,92.8,2069,-5.8,-24.1,10.1,1.6,
Keller, Mitch,656605,2020,93.9,2327,-7.1,-14.3,18.1,1.7,
Martin, Brett,656685,2020,93.9,2261,5.9,-14.8,17.4,1.2,
Montgomery, Jordan,656756,2020,92.6,2301,6.8,-15.8,17.5,1.3,
Nelson, Nick,656793,2020,96.3,2092,-7.7,-12.5,18.8,1.3,
Newcomb, Sean,656794,2020,93.4,2307,4.4,-14.6,17.2,1.2,
Peterson, David,656849,2020,92.1,2098,11.4,-18.3,18.1,1.4,
Rasmussen, Drew,656876,2020,97.6,2454,-6.4,-10.8,19.1,1,
Reid-Foley, Sean,656887,2020,94.4,2149,-5.8,-13.8,18.1,1.3,
Scott, Tanner,656945,2020,96.5,2656,4.1,-14.7,15.5,1.2,
Sheffield, Justus,656954,2020,92.5,1917,8.9,-18.7,16.1,1.4,
Smeltzer, Devin,656970,2020,87.5,2397,8.9,-19,19.1,1.3,
Swanson, Erik,657024,2020,95.6,2274,-9,-11.9,20.4,1.6,
Taylor, Josh,657031,2020,93.6,2282,4.7,-14.2,17.7,1.1,
Thompson, Ryan,657044,2020,92.8,2121,-15.5,-26.3,16.7,1.4,
Toussaint, Touki,657053,2020,94,2293,-7.7,-16.7,16.3,1.5,
Webb, Jacob,657097,2020,93.6,2433,-13.8,-15,21.6,0.9,
Wright, Kyle,657140,2020,94.7,2434,-10.7,-16.7,17.6,1.2,
Yamamoto, Jordan,657141,2020,89.8,2327,-5.7,-18.7,16.4,1.8,
Merryweather, Julian,657240,2020,96.7,2319,-7.1,-12,18.7,1.5,
Webb, Logan,657277,2020,93,2113,-8.8,-19.1,15.3,1.4,
Schmidt, Clarke,657376,2020,95,2485,-5.2,-16.3,15.1,1.4,
Ferguson, Caleb,657571,2020,95.5,2267,9.5,-13.2,19.4,1,
Hill, Cam,657611,2020,92.1,2301,-3.9,-14.8,17.8,1.1,
Hill, Tim,657612,2020,91.4,2227,18.3,-28.6,19,1.3,
James, Josh,657624,2020,96.3,2307,-8.1,-13.9,17.7,1.6,
Lamet, Dinelson,659275,2020,97,2496,-6.2,-12,18.3,1.4,
Paredes, Enoli,660600,2020,95.7,2396,-3.1,-13.5,16.9,1.5,
Ynoa, Huascar,660623,2020,94.8,2059,-9.4,-14.8,18.4,1.6,
Graterol, Brusdar,660813,2020,98.8,2017,-8.8,-13.7,16.9,1.5,
Alcala, Jorge,660896,2020,96.9,2400,-7.5,-12.1,18.8,1.6,
Lopez, Yoan,661255,2020,95.4,2092,-4.3,-14.6,16.3,1.3,
Burrows, Beau,663366,2020,93.2,2380,-8.6,-13.6,20,1.4,
Thornton, Trent,663423,2020,92.1,2380,-1.5,-17.2,15,1.3,
Rainey, Tanner,663432,2020,96.6,2457,-6.2,-11.8,18.7,1.4,
Bubic, Kris,663460,2020,91.4,2177,6,-16.3,17.5,1.7,
Allard, Kolby,663465,2020,91.5,2169,8.7,-16.2,18.7,1,
McKenzie, Triston,663474,2020,92.8,2336,-4.3,-11.7,20.7,1.8,
Allen, Logan,663531,2020,94,2064,8.1,-15.5,17.5,1.1,
Mize, Casey,663554,2020,93.7,2245,-10.8,-16.4,18.4,1.6,
Neidert, Nick,663734,2020,91.6,2236,-14,-18.7,20.1,1.2,
Woodford, Jake,663765,2020,92.7,2261,-5.2,-17.8,15,1.3,
Sandoval, Patrick,663776,2020,92.8,2017,5.1,-16.3,16.3,1.4,
Pearson, Nate,663878,2020,96.3,2306,-6.3,-11.3,19.3,1.9,
Singer, Brady,663903,2020,92.9,2196,-8.4,-19.1,15,1.6,
Paddack, Chris,663978,2020,94.1,2172,-9.8,-14.7,19.1,1.5,
Lakins Sr., Travis,664042,2020,93.2,2227,-4.2,-16.3,15.8,1.4,
Eshelman, Thomas,664045,2020,85.9,1863,-0.6,-24.2,12.9,1.4,
Stashak, Cody,664054,2020,91.9,2234,-6.5,-13.3,20.2,0.9,
Gonsolin, Tony,664062,2020,95.1,2489,-9.4,-12.2,20.5,1.2,
Braymer, Ben,664069,2020,88.7,1990,10.3,-17.5,20.4,1.1,
Ponce, Cody,664074,2020,93.2,2516,-9.3,-15.6,18.5,1.3,
Poppen, Sean,664092,2020,,,,,,,
Fairbanks, Pete,664126,2020,97.4,2432,-0.3,-12,17.1,1.2,
Hartlieb, Geoff,664129,2020,93,2349,-10.6,-24.8,12.6,1.4,
Gibaut, Ian,664139,2020,95.2,2051,-5.7,-14,17.3,1,
Brubaker, JT,664141,2020,93.4,2250,-8,-16.8,16.6,1.3,
Bergen, Travis,664157,2020,92.3,2242,11.7,-16.2,20,1.3,
Hall, Matt,664180,2020,88,2309,1.7,-22.1,13.3,1.5,
Lucchesi, Joey,664192,2020,,,,,,,
Clarke, Taylor,664199,2020,94.3,2336,-5.4,-12.6,19.2,0.9,
Maton III, Phil,664208,2020,93.5,2465,-0.5,-17.5,13.7,1.2,
Valdez, Framber,664285,2020,93.2,2306,2,-20.7,10.8,1.5,
Javier, Cristian,664299,2020,92.2,2364,-7,-14.1,19.5,1.3,
Yajure, Miguel,664337,2020,92.3,2392,-4.7,-14.5,18.3,1.4,
Sanchez, Sixto,664350,2020,98.5,2164,-10.3,-14.8,17,1.5,
Urquidy, Jose,664353,2020,93.1,2216,-7.5,-12.1,21,1.2,
Newsome, Ljay,664714,2020,91.4,2078,-8.2,-16.6,18.3,1.3,
Helsley, Ryan,664854,2020,96.9,2534,-3.2,-13.4,16.1,1.4,
Adams, Chance,664856,2020,91.7,2358,-4.5,-17.2,15.9,1.1,
Misiewicz, Anthony,664948,2020,94,2328,8.6,-14.3,19,1,
Grotz, Zac,665093,2020,,,,,,,
Kremer, Dean,665152,2020,92.8,2321,-9.2,-13.6,20.6,1.5,
Garcia, Deivi,665620,2020,91.9,2175,-8.3,-13.9,20.4,1.5,
Garcia, Rony,665621,2020,93.3,2276,-9.5,-20,15,1,
Santos, Antonio,665733,2020,93.2,2014,-10.5,-18.9,16.5,1.8,
Rosso, Ramon,665759,2020,93.6,2528,-0.8,-17.9,13.5,1.8,
Anderson, Ian,666120,2020,94.1,2046,-4.6,-12.4,19.1,1.2,
Garrett, Braxton,666129,2020,89.6,2212,3.4,-15.2,19.4,1.1,
Luzardo, Jesus,666200,2020,95.5,2435,14.6,-16.9,19.9,1.5,
King, John,667463,2020,93.8,2094,15.9,-20.9,19.1,1.4,
Fletcher, Aaron,667465,2020,,,,,,,
Dugger, Robert,667498,2020,92.1,2321,-9.2,-16.1,18.9,1.2,
Plesac, Zach,668676,2020,92.8,2083,-7.6,-14.7,18.7,1.1,
Gallen, Zac,668678,2020,93.2,2378,-3.6,-14,18.2,1.4,
Scrubb, Andre,668687,2020,,,,,,,
Romero, JoJo,668941,2020,95.3,2280,10,-14.9,18.3,1.3,
Wilson, Bryse,669060,2020,94.1,2180,-7.9,-16.4,16.7,1.3,
Bailey, Brandon,669064,2020,,,,,,,
Zimmermann, Bruce,669145,2020,91.4,2360,7.9,-16.8,17.9,1.5,
May, Dustin,669160,2020,99.1,2341,-10.4,-13.4,18,1.3,
Burnes, Corbin,669203,2020,96.1,2669,-2.8,-13.2,16.6,1.4,
Akin, Keegan,669211,2020,91.9,2389,11.1,-14.5,21.3,1.6,
Menez, Conner,669214,2020,91.8,2254,5.3,-16.9,16.4,1.2,
Skubal, Tarik,669373,2020,94.4,2422,11.1,-13.8,20.5,1.6,
Rogers, Trevor,669432,2020,93.6,2426,13.5,-16.6,20.3,1.5,
Bieber, Shane,669456,2020,94.1,2356,-8.9,-12.6,20.4,0.9,
Baragar, Caleb,670056,2020,93.8,2486,7.9,-12.1,20.7,1.2,
Schreiber, John,670167,2020,89.8,2142,-2.5,-27.7,6.9,1.3,
Bednar, David,670280,2020,95.7,2279,-9.1,-14.2,18.4,1.3,
Garcia, Rico,670329,2020,95.8,2337,-8.4,-12.3,19.5,1.2,
Diehl, Phillip,670426,2020,90.2,2565,10.1,-17.7,18.8,1,
Rodriguez, Nivaldo,670550,2020,93,1988,-7.3,-17.1,16.3,1.3,
Oviedo, Johan,670912,2020,94.8,2274,-3.6,-19.2,11.8,1.5,
Richards, Trevor,670950,2020,90.5,2155,-6.9,-14.2,20.7,1,
Morejon, Adrian,670970,2020,96.6,2404,10.5,-15.4,17.6,1.4,
Ramirez, Yohan,670990,2020,95.6,2360,-9.2,-15.2,17.5,1.2,
Perez, Cionel,672335,2020,95,2093,4.6,-14.2,16.8,1.1,
Hernandez, Carlos,672578,2020,96.2,2374,-9.6,-12.8,19.3,1.5,
Patino, Luis,672715,2020,96.7,2465,-1.7,-12.1,17.2,1.3,
Hirano, Yoshihisa,673633,2020,89.9,2117,-9.8,-16,20.5,1.2,
Karinchak, James,675916,2020,95.5,2396,-5.1,-9.5,21.2,0.9,
Howard, Spencer,675921,2020,94,2345,-9.9,-13.1,20.6,1.6,
Heuer, Codi,676051,2020,97.6,2357,-14.9,-16.6,19.3,1,
Elledge, Seth,676220,2020,,,,,,,
Fleming, Josh,676596,2020,90.5,1952,10.9,-20.2,17.4,1.4,
Zuber, Tyler,676604,2020,94.1,2243,-8.1,-16,17,1.3,
Margevicius, Nick,676606,2020,90,2124,4.4,-15.7,18.7,1.6,
Garcia, Luis,677651,2020,94,2279,-6.6,-13.3,19.1,1.3,
Dobnak, Randy,677976,2020,92.9,2052,-11,-24,13.4,1.2,
Stiever, Jonathan,680692,2020,92.3,2313,-10.9,-15,20.5,1.5,
Gerber, Joey,680702,2020,93.1,2246,-10.5,-15.5,19.4,1.4,
Vesia, Alex,681911,2020,91.7,2370,7.8,-12.1,22,1,
Mears, Nick,683232,2020,95.7,2389,-5.1,-11,19.6,1.2,
Yamaguchi, Shun,685493,2020,90.8,2129,-10.9,-17.7,19.2,1.6,